date,Equity Equal Weight,Equity Min Variance,Equity Max Sharpe,Equity Risk Parity,Crypto Equal Weight,Crypto Min Variance,Crypto Max Sharpe,Crypto Risk Parity,Combined Equal Weight,Combined Min Variance,Combined Max Sharpe,Combined Risk Parity,Equity Equal Weight + Sentiment,Equity Min Variance + Sentiment,Equity Max Sharpe + Sentiment,Equity Risk Parity + Sentiment
2021-01-29,-0.01479378312667068,-0.01146998416674263,-0.0039770060041223135,-0.012536882039270312,,,,,-0.0076170751428229,-0.01146998360046221,0.010744659272649492,-0.00763109679537949,-0.014755070535563863,-0.011801570211835255,-0.004543321062473189,-0.012489714118488426
2021-01-31,,,,,-0.016892319482285013,-0.025971775335426862,-0.04561069195267387,-0.017188229046376853,,,,,,,,
2021-02-01,0.008517686014717273,0.000574498453636026,0.014143015220128338,0.007715721195419239,0.018638160220836718,0.008332960970729542,0.051637348009716186,0.01791143078590403,0.010204431715737181,0.0005744985602056589,0.020712570300045485,0.008652546629993537,0.00819598587136697,0.0005321913345423196,0.013153646576198885,0.007406163768731573
2021-02-02,0.017473889706152945,0.006406127800721656,0.022025926755079934,0.015513325334130253,0.04105192217355688,0.049648414793247816,0.09350165561416292,0.04141236741588098,0.021403561784053605,0.006406127747669082,0.042083992563073866,0.018187444771371148,0.017272139364460214,0.0066713689940765125,0.0219149475157826,0.015314794683021554
2021-02-03,0.0019027846101926735,-0.0020771759269653154,-0.011378249847463027,-0.0017047968826664735,0.0470529366919517,0.053091125563329726,0.08019543782651091,0.04773177774192349,0.009427809957152512,-0.0020771764742713947,0.025349848415555803,0.003945067689480904,0.001880377593052851,-0.0018087390788289323,-0.011135425597232924,-0.0017272492313295236
2021-02-04,0.009138734300265725,0.0023702829736614145,-0.010581581998982256,0.007260094380899103,-0.017631563926056235,-0.012868436258888083,-0.03572412013791017,-0.018178460899325892,0.004677017929212065,0.002370283800637731,-0.01269724399043568,0.004479901535382693,0.009669167989259212,0.0022800542478095846,-0.007103131244910747,0.00765365811011163
2021-02-05,0.006317001689045663,0.014588056517886448,0.0013541191084987334,0.00786376001898031,0.08420520824667656,0.040785673214984795,0.08729464429214794,0.08166968394759853,0.01929836944865081,0.014588056839610552,0.02832208886706528,0.016360123884731466,0.006430742342390921,0.014326300470227805,0.001824084012209255,0.007942933440591373
2021-02-06,,,,,0.02224549467936311,0.01949992324937608,0.006699455884266462,0.0199350432229688,,,,,,,,
2021-02-07,,,,,-0.0031776159818694086,-0.00628607419855034,-0.021987607041715963,-0.004024279200682586,,,,,,,,
2021-02-08,0.013036997474039065,0.0031210793356149643,0.028832803894840428,0.009974716122561714,0.08091486208561834,0.17462913509791952,0.07882042315714116,0.08696467159468736,0.02434997490930227,0.0031210796975594444,0.1072049397725093,0.018456559971878225,0.012608045967480932,0.0028779898352905703,0.028759965956731234,0.009598334259990016
2021-02-09,-0.0027438667563593655,-0.0009847380938942227,-0.01932749004202164,-0.0027900271747768038,0.06552021148361525,0.025666381367562816,0.012592779604890974,0.06559446365069337,0.008633479616969735,-0.000984737627849612,-0.001471716169855062,0.005326471175867471,-0.0026363869730349323,-0.0008532170909615595,-0.01918807548753309,-0.0026293615176519363
2021-02-10,0.0014557026145883098,-0.007104597119860388,0.007462720179820532,7.250410660446742e-06,0.04281518400419214,-0.024562672265014695,0.020613998667853413,0.037025463384890656,0.008348949512855613,-0.007104597075315969,0.0016145762370200019,0.004358407913501591,0.00139301144750756,-0.007314731941241155,0.007439636737497471,-8.240962568161804e-05
2021-02-11,-0.001030383556659906,-0.004893583547719074,0.002735123311552674,-0.0012904688711123228,0.07786914577868172,0.0887782664044942,0.030721398861441103,0.07990325360168493,0.012119537999230363,-0.00489358331742699,0.053761459463563775,0.008137753567840097,-0.0011184358854265677,-0.004688693633073241,0.0023033874612689805,-0.0013650360498558179
2021-02-12,0.004467629428637099,0.004323492170869245,0.00027177584893901585,0.003941929051598342,0.05428926109808539,-0.005678126214234165,0.040900749111258974,0.048729970865508954,0.012771234706878482,0.004323491777956165,0.020350291270465042,0.009296435314876757,0.004355694700534479,0.004421731930501081,-0.00031429459383501356,0.003851828576605695
2021-02-13,,,,,0.09582165507240964,0.007299012859309591,-0.008278423792699448,0.09516393116416748,,,,,,,,
2021-02-14,,,,,-0.029392275423807516,0.017180212663410625,-0.014813800199299143,-0.026665032932938624,,,,,,,,
2021-02-15,,,,,-0.0442129748696292,-0.027789037585074828,-0.014770124001637994,-0.04432711524789734,,,,,,,,
2021-02-16,0.0005560289992204572,-0.0089232121762518,-0.0013935767562936142,-0.0029398226540121274,-0.0022474451004349414,0.023600781076360464,0.0017513633191883168,-0.0004903325916947397,8.878331594455713e-05,-0.008923212311103582,0.014414547980576373,-0.0027813125629791023,0.0005056595154036279,-0.008505448610003453,-0.0014935302407637465,-0.0029504469285887304
2021-02-17,0.002470031678470779,0.006810876642084107,-0.011968645209141733,0.0026043119599484283,0.04211707838283616,0.05202957870639994,0.036233451456806856,0.043602772844016174,0.00907787279586501,0.0068108768123817205,0.02132462412230752,0.0072701211652526024,0.0027586309065577045,0.006915617783784706,-0.011468822271299185,0.0028430367362162704
2021-02-18,-0.005919355778125219,-0.011463182910338168,0.0004431341875313454,-0.004440463834397379,0.0029177062460999047,-0.0017046491276873725,0.03786890678960736,0.00250350575605506,-0.004446512107421033,-0.011463183704011197,-0.004723463555626154,-0.0035117953582837077,-0.005789672622994623,-0.011914136264411655,0.0008880742701481624,-0.004404364887282797
2021-02-19,0.0011058595895655542,-0.007241062965884529,-0.00027552434266845077,-0.0019283826358056258,0.04897981498578349,0.08429583922379345,0.018425795485389907,0.051521041732145806,0.009084852155601876,-0.007241062515478682,0.04245262189827261,0.004147515133779365,0.0008833775856452674,-0.007172232180564653,-0.0006476021458990179,-0.0021411188815624086
2021-02-20,,,,,-0.017299540561226037,-0.006362941405707011,-0.0014448656704875453,-0.017988423831936155,,,,,,,,
2021-02-21,,,,,0.024297174916646205,0.02672105295106568,0.008290515331364214,0.024619395243903552,,,,,,,,
2021-02-22,0.0021419187071920528,0.0016021555488515999,-0.01637073416746882,0.0001796188254631594,-0.0628095634120048,-0.058767262837042734,-0.06947445985258906,-0.06408842505200876,-0.00868332831267409,0.0016021547685218939,-0.0472446858927009,-0.007041857641038313,0.002545043082206141,0.0017363199428612295,-0.014220526603867408,0.0005354147605238549
2021-02-23,0.000247470338147786,-0.007214692776912368,-0.009287392139783546,-0.0008546791713707826,-0.1578836306811806,-0.11257990857287642,-0.12410508845430916,-0.15567620974353039,-0.02610771316507361,-0.007214692383436886,-0.07883503195187491,-0.018776660010970118,0.000471322661751616,-0.007461194681352069,-0.008453755571842672,-0.0006914271233066044
2021-02-24,0.014576435503532909,-0.000835175714507985,0.0135309643577908,0.009607439711504517,0.03967004054777338,0.0248233260261387,0.04242501048084325,0.03858643384841891,0.01875870301090632,-0.0008351764960257675,0.024629744608518456,0.012937203958641844,0.01404440733740072,-0.0008238338487160067,0.012537186949207206,0.009102254544287926
2021-02-25,-0.018364899811465815,-0.008939237612739258,-0.030145380356937007,-0.01610710678695707,-0.05295585849293988,-0.05439355711393645,-0.0767095069046405,-0.053451398409194224,-0.024130059591711495,-0.008939237448425362,-0.05928484264901162,-0.020405624979374464,-0.01793515076884487,-0.009117804464498044,-0.028426233685435107,-0.015745556304510144
2021-02-26,-0.012928311779984667,-0.017355082977439686,-0.008282863412384026,-0.013160280313420626,0.0024429722756437815,-0.014006749494204825,0.0024866749377736442,-0.0006449345848031935,-0.010366431104046591,-0.01735508291212729,0.009030663793286708,-0.011873339288231506,-0.012922604814067812,-0.01759941195146537,-0.007754912513182591,-0.013200565998918874
2021-02-27,,,,,0.030875544497424058,0.0025523262922070465,0.023244583433221663,0.028183047297625996,,,,,,,,
2021-02-28,,,,,-0.04371588305482724,-0.026101961220927557,-0.01637547411709569,-0.04229675431945261,,,,,,,,
2021-03-01,0.019963326496913788,0.008922160194628048,0.018412524095622454,0.018067236598163255,0.06607202453353705,0.0915245359540641,0.028948687704710777,0.06786275006825758,0.027648109503017663,0.008922160253818005,0.05279124935780832,0.0235828710649946,0.01997640908340443,0.009128250427808264,0.01865057521669847,0.018070636240759455
2021-03-02,-0.002791341663546041,0.004907878554663635,-0.00530992458494489,-0.0016091849982304617,-0.016013865689389763,-0.023957453504453066,-0.04198142482799607,-0.016197474615152967,-0.004995095667853328,0.0049078785402267965,-0.0166478497385075,-0.0031617368562696243,-0.0026235604363730063,0.005080966327436013,-0.005069852514569617,-0.0014587059563797022
2021-03-03,-0.007037085444928419,-0.01262066657928162,-0.02039110291594442,-0.009670701740682913,0.03318617359233237,0.043776699925550035,0.01173601716476204,0.03468824050921592,-0.0003332089387182882,-0.012620666462449085,0.013060903556759297,-0.004494282801964458,-0.006689329421585447,-0.012077138171431747,-0.01964549912513766,-0.009322535336914017
2021-03-04,-0.007899217627752664,-0.003345341526953684,-0.018799564647345047,-0.008183037688136411,-0.01542651063180949,-0.0223574126466344,-0.06728629670282478,-0.015650120601872104,-0.009153766461762134,-0.003345341503889583,-0.029177703052638213,-0.008699618607366174,-0.007543519292900543,-0.0029017645329993368,-0.01814998356460301,-0.007858023866995504
2021-03-05,0.017580768996769722,0.014872904916038317,0.01253052897421514,0.017040817296025457,-0.008545836651957895,1.10345499167064e-05,0.033232232858608345,-0.008029166819530205,0.013226334721981788,0.014872904968503178,0.01745443714431331,0.014149137660227743,0.017722170612652063,0.015215286556295596,0.013478162001684819,0.017213004097396914
2021-03-06,,,,,0.009728254619080622,0.0013865604872219342,-0.020432746416105808,0.009960522954723581,,,,,,,,
2021-03-07,,,,,0.028383768233542828,0.04191874646248632,0.01853164143445936,0.029539224625233996,,,,,,,,
2021-03-08,0.0018204582191550921,-0.00481715575711454,-0.02568032312094784,0.00028898250118271373,0.01766705142659148,0.019806605654878275,-0.001101352785849158,0.01815577949557109,0.004461557087061157,-0.004817155699338987,-0.0019111000092814105,0.0024755559461394094,0.0019705600925342447,-0.004250531077464192,-0.025464920802425607,0.0005771924050323956
2021-03-09,0.007318624501726561,0.006714017942966926,0.01495867294548086,0.008519632011789334,0.042932909720223386,0.043905484398053536,0.0617621898552854,0.04295539850972093,0.013254338704809365,0.006714017826380833,0.034800471649908606,0.012216656015326961,0.006747816236990979,0.006012967357858093,0.014956638543543104,0.007959416071050433
2021-03-10,0.009821255768227701,0.009624118476170802,0.0009164666116840268,0.008246442370489937,-0.028226124243624442,0.009919196942880107,-0.023934792966333808,-0.025793938833923197,0.003480025766252346,0.009624118511985117,0.004758957432739912,0.004297233203528221,0.009778734358977602,0.009111014797824902,0.0014840307897406421,0.008178421295898325
2021-03-11,0.00529644073907005,-5.928799360528064e-05,0.015664880683190583,0.004821694641623832,0.0023940473055714564,0.025019177979232646,0.006075295924566123,0.004013324340330211,0.004812708500153618,-5.9288024214661355e-05,0.01742270287134641,0.00455039453895762,0.005156150187392234,-0.0006117112614123443,0.015485729931690966,0.004557018176705637
2021-03-12,0.007082392417840365,0.004915263871582145,0.013728048581579626,0.006203854732584743,-0.02008021082531,-0.011985252382651414,-0.051203956816857694,-0.018623401461725475,0.0025552918773153036,0.004915263779853553,-0.011196638588032513,0.0033922854790424273,0.006864706902211039,0.004293543218936619,0.013163106982846234,0.0059672174348423465
2021-03-13,,,,,0.07880501646479617,0.06869065363085378,0.06412480287780414,0.07874318861158242,,,,,,,,
2021-03-14,,,,,-0.04799197369537732,-0.03341874817374605,-0.036966032588615576,-0.04732146446174512,,,,,,,,
2021-03-15,0.005841980012247008,0.014287823228918034,-0.007098976164174543,0.007767617014736268,-0.03623773511569324,-0.0490235388819839,-0.03631903904957675,-0.03734055505400317,-0.0011713058424096998,0.014287823312652116,-0.03611895246331669,0.0028166168615519696,0.005640209003863674,0.014683744218851706,-0.008277093388550283,0.0076641114777968675
2021-03-16,-0.00020791992646234755,0.004784757139059039,0.0030545015827137994,0.0023504655090830565,0.043132536555067456,0.020005010704782257,0.13415473273545,0.04096441420315476,0.007015489487125954,0.004784757069649344,0.026563001463953087,0.006680287396759744,-0.00021514159030856095,0.005163591744655907,0.002954813640821264,0.002422592172838387
2021-03-17,0.0021785532396102394,-0.008937990957162021,-0.0019498362296860286,-2.7476775611996076e-05,0.030660811823728977,0.035869986882112966,0.08246779180347028,0.030610222359395745,0.006925596336963362,-0.008937990909437124,0.020778530394533586,0.0033938766376110712,0.0023276175306993427,-0.008250984467744239,-0.002532223094654206,0.0001305990343678566
2021-03-18,-0.01347521339947774,-0.0072820312742029195,-0.009781987306268914,-0.011628959220277941,-0.02291498038891239,-0.017132980834431783,-0.07043689460141578,-0.02235172450959619,-0.01504850789771685,-0.00728203121764512,-0.018271615688704414,-0.012659599787608068,-0.013570068678126636,-0.007071808816784542,-0.009424663261581744,-0.011602476018047014
2021-03-19,-0.004686513277944682,-0.0015485111185752224,-0.003218765458934917,-0.003938157304867107,0.019194399500747632,0.01700546846830772,0.03536476381810898,0.01952305797357186,-0.0007063611481626301,-0.001548511080174528,0.006857273912262066,-0.0013226130347685067,-0.004600038485526205,-0.0012504100412723059,-0.0033447689253364886,-0.0039102314986101065
2021-03-20,,,,,0.01827007279656291,0.010820505439174876,-0.04669577155059095,0.017424499040898073,,,,,,,,
2021-03-21,,,,,-0.01614450250996269,-0.008783828272164966,-0.014102584097054298,-0.015397699557624092,,,,,,,,
2021-03-22,0.005873122338467358,0.009227604490434707,0.00937282589148121,0.007151266637101851,-0.029994835705112837,-0.04474563743177277,-0.0612985198238745,-0.031401636986267786,-0.00010487066879600693,0.009227604500774587,-0.02343311099038279,0.002912780364062662,0.005740748943672545,0.009378974503005275,0.00946183788240436,0.007100422024702302
2021-03-23,-0.008100983457706074,-0.00030226567093241896,-0.00913827176664982,-0.005738644698979367,0.007114226187603334,0.003965155807435223,0.008072551926514508,0.006773493919053273,-0.0055651151834878385,-0.0003022658267548314,-0.00030299719511383535,-0.004294848293945415,-0.008347990958864153,-0.0010778133473408691,-0.009051883909322619,-0.00604182676609224
2021-03-24,-0.003305425688800321,-0.005955374403805513,-0.004046802935569332,-0.004611635443777773,-0.0667762833825415,-0.04357514600479828,-0.03944510348969534,-0.06508419124369805,-0.013883901971090518,-0.005955374331280983,-0.02426975823048366,-0.01149031447583331,-0.003192308358638279,-0.005638164326311541,-0.003823646557146595,-0.004472417118262384
2021-03-25,0.007122806063378129,0.002534669887433212,0.008669028860853663,0.005924439322429065,-0.0010923526180134256,-0.01442365394391194,0.008205949160844604,-0.0022951000636208556,0.00575361294981287,0.002534669929959798,0.0012061491751975864,0.005072681760851738,0.007100011477324167,0.00224576341116869,0.009294401821335948,0.005916271492733654
2021-03-26,0.019635042704920398,0.016989849745152216,0.026054621196376495,0.01944792041672611,0.08749287264445915,0.07836717173792257,0.08895544982381977,0.08756420872876543,0.03094468102817685,0.01698984974640692,0.05200947774351531,0.027273081454728315,0.019703529554823893,0.01707117818390519,0.026204045606422133,0.01948541184312622
2021-03-27,,,,,-0.008717834840823146,0.00861415801552239,-0.01393258757218652,-0.00753034072020368,,,,,,,,
2021-03-28,,,,,0.004100426246299149,-0.0003767025180344116,0.007677338108685141,0.0032783573171542516,,,,,,,,
2021-03-29,0.0011022909356362366,0.010855861400192695,0.005929213296995249,0.0034173138489691987,0.037739657887588596,0.031719292901155056,0.017870050277599265,0.03797326174248514,0.00720851876096163,0.01085586136518437,0.016074170288445745,0.0073149272600148505,0.0009345613162541824,0.010949757860760129,0.005674460087567826,0.0033522100712169156
2021-03-30,-0.003326924065019588,-0.009281592854605877,0.006563803185014482,-0.005042862378348948,0.013383750136438466,0.019430621583113677,0.013091445197532912,0.01412046426378275,-0.0005418116981099119,-0.009281592847232133,0.009221587890050505,-0.00294118037876159,-0.0031702675981929167,-0.009366008420366605,0.006380055137978012,-0.0049437935069303034
2021-03-31,-0.00091454863134901,-0.0007973720197931327,-0.0016795442131799503,-3.4052501249969664e-06,0.06639746310842415,0.061964905590621774,-0.004189299368330446,0.06876273534441753,0.010304119991946515,0.005361159202504113,0.002247801360018046,0.007280651955610349,-0.0007661952254478407,-0.0007807271655087971,-0.00148904385293214,0.0001760386005229484
2021-04-01,0.011919235422437929,0.0080095249713125,0.007803584013961524,0.011181386085420103,0.028439295434994006,-0.006227678041352875,0.0018479661763524903,0.025283682030995125,0.014672578757863942,0.006737087396098706,0.0050830606953813084,0.012252390181572257,0.012100095656202644,0.008063597176536272,0.007967157843924433,0.011351545366744074
2021-04-02,,,,,0.05350906897952605,0.01983419543180223,0.00821297263243519,0.05178081766992663,,,,,,,,
2021-04-03,,,,,-0.05050095907334438,-0.013970912119470632,-0.027241893280285916,-0.047325076341263504,,,,,,,,
2021-04-04,,,,,0.08008234444670534,0.06138300729436152,0.018916795081782543,0.07953898842852848,,,,,,,,
2021-04-05,0.005203894475596236,0.011785716982445401,0.003827610525520496,0.008110443940805455,0.1124723293949645,0.033905806921671,0.009985351196507576,0.10081866619792663,0.023081966962157613,0.012268003827830144,0.004042489156060594,0.017026619110395567,0.005072175205824314,0.012055721899599138,0.004184596840603209,0.008080638521678112
2021-04-06,0.00031178142225714674,0.0002670767148516259,-0.0017170758480585407,0.0004896515852953529,0.034239733482870995,-0.012100157145766746,0.002620024622607994,0.02938032469887748,0.0059664400990261214,-0.0012025389005424474,-0.002902396767395417,0.0031640095834900763,0.00032096312015046733,0.0002896443143021128,-0.0017955999576031963,0.0004962249290204356
2021-04-07,-0.0009843279076349229,-0.0006801254870452792,-0.0029216022180990416,-0.0012086933362249097,-0.07683383516515305,-0.04891284382013565,-0.047278995936616316,-0.07286418663858671,-0.013625912450554611,-0.0023496483303254104,-0.015895272325459606,-0.007951000662287707,-0.0008793624808811381,-0.000596185244496737,-0.0028118908004755596,-0.001091085540393799
2021-04-08,-0.00125898675424055,-0.00019423824399398344,0.0014911247644443227,-0.0010654526132433525,0.06650800161559936,0.05503465756220601,0.04029887209223666,0.06485063897358463,0.010035511307399434,0.001727015403718163,0.015898045468295985,0.005235240494471504,-0.0012709371704804767,-0.0003460199438680754,0.0014363755122749837,-0.0010285174652754103
2021-04-09,0.0025702524318601074,0.0037339834070232282,0.004943721485576964,0.002699229395918828,-0.026439087808186844,-0.012386598078248974,-0.005583976559146361,-0.025107836381466547,-0.002264637608147718,0.002870444096750663,0.002341325878578387,-1.7955434056897846e-05,0.002553696207452226,0.003534597621562721,0.004797737829148422,0.0026547802596858664
2021-04-10,,,,,0.10208440271596672,0.05086431797322158,0.02197701615451566,0.09511162579583898,,,,,,,,
2021-04-11,,,,,0.01134172738606192,0.0009473686591959346,0.018099651738502403,0.009591750396802566,,,,,,,,
2021-04-12,-0.0004073299999306901,0.0015627188222463724,0.0017743733912858938,5.5064994349408124e-05,0.0011626642882354276,0.005761340632938105,0.009788056404157567,0.00044580874063199563,-0.00014566428523633715,0.0024861026991823522,0.004528566007794681,0.0003348730408509462,-0.0004823111025723829,0.0015830080157256826,0.00197356954598245,4.404663453823988e-05
2021-04-13,0.0017323719424837077,0.0019557919450711235,-0.004874302770022546,0.0028502561738412346,0.10969981126458485,0.07883266227058218,0.06504355400405581,0.10620163811510036,0.0197269451628339,0.00406268706679833,0.019290501417735834,0.012699842460626958,0.0017332985970022043,0.0018394141098131062,-0.004642484357050824,0.0028376948660491967
2021-04-14,0.0033581112989769886,-0.0027333280371534085,0.001765985309177364,0.000395991344896834,0.02628859256885361,-0.00771426435528574,0.00887907684529372,0.024879578676218924,0.007179858177289758,-0.0033641062040107826,0.000589531393118391,0.0026539045161693454,0.003490121459647144,-0.002655067353554003,0.0016766338184956565,0.00046500514740170716
2021-04-15,0.009449393897939496,0.007160915307509206,0.006035962019752249,0.011137542624375751,0.060911491093833904,0.03818499436802934,0.009424132579670189,0.06175137726005792,0.018026410097255228,0.009694293753439644,0.008227741587658228,0.016340023769738782,0.009356770389095707,0.00708742377460656,0.006089072650386157,0.011038897576273307
2021-04-16,0.0028414438132387267,0.0017568278554927464,-0.0020640689718480244,0.0031705538091237476,0.05065662411454963,-0.01454787994154576,-0.03327086469953398,0.04916062126025529,0.010810640530123875,0.0015327995093473113,-0.012820102684690282,0.007863364255350811,0.002699785940494726,0.0016359617266149106,-0.0020743638905477216,0.003016103880770458
2021-04-17,,,,,-0.03176555482050418,-0.015566268902515154,-0.01802592139341196,-0.030933059218130533,,,,,,,,
2021-04-18,,,,,-0.07403361917153414,-0.0758638996716908,-0.07443019921440404,-0.0735505317052777,,,,,,,,
2021-04-19,-0.0035293475918233945,-0.0009477231623312925,-0.0013061361455394358,-0.0036901143156824272,-0.06293211235912945,-0.026532705431614324,-0.02737089076781484,-0.05959373257225408,-0.013429808386374403,-0.0022427171575734248,-0.006432846240709694,-0.009026515125413184,-0.0036048639378668326,-0.001102683916591197,-0.0015864285098803408,-0.003805458043753921
2021-04-20,-0.008747199313497123,0.005632721838424303,-0.010767922641137788,-0.004116514044031354,0.03341952255413645,0.016079787318047937,0.03052168744516615,0.031486356372819546,-0.0017194123355581932,0.0060184521170347175,0.001754503282170397,-0.0007739635324771979,-0.008906893853267012,0.005629636754118912,-0.010405172183355018,-0.004286184025313214
2021-04-21,0.010748101009074381,0.005011508173586122,0.011503308231757837,0.008365783431365254,-0.04142399100162268,-0.050422106424431144,-0.043680737834606034,-0.04085345234615745,0.0020527523406248726,0.003914110338734986,-0.00515160830027706,0.0036661798329407254,0.010718152173792916,0.004967351612865906,0.011256791584359343,0.008349640622832458
2021-04-22,-0.009628306971395235,0.0006117073308401066,-0.01183373598503388,-0.007731435067271474,-0.04904992826934679,-0.04883000713955687,-0.04101918742800206,-0.04720640865152778,-0.01619857718772049,-0.0012878013086746673,-0.021494596598534695,-0.01154665863461672,-0.00953610107891869,0.0008191475912100168,-0.011575163866293396,-0.007625927509258234
2021-04-23,0.008856224632086745,0.002824502866135214,0.009974419613753345,0.006844274967668734,-0.016415494666891482,-0.012113065039211725,-0.006055901938972812,-0.0169315676330735,0.004644271415590373,0.0028359191337013925,0.007435684633523733,0.004714261530768808,0.008888355147020152,0.0029476694801302615,0.009980067835040341,0.006963155804058744
2021-04-24,,,,,-0.06806209030471672,-0.03236680965552165,-0.03111612683304096,-0.06534142621519325,,,,,,,,
2021-04-25,,,,,-0.009028471809759443,-0.019120037063410665,-0.015323166202903209,-0.009000424624864636,,,,,,,,
2021-04-26,0.001031024202245785,-0.0066814855078503035,0.007014332329211738,-0.0008312211898649598,0.15086850243841624,0.12060747528060373,0.11286985733130284,0.14605239786611462,0.026003937241607527,-0.0041056979371990555,0.037979886750105926,0.01305783886910741,0.0009916819687008295,-0.0066358058312066944,0.0066238983676655365,-0.0008389487646459938
2021-04-27,0.0010263258205212857,-0.004789584507045509,0.00289398797023856,-0.00028003804633887434,0.0428384009368606,0.027408614289369443,0.0336822342445471,0.04183169613825783,0.007995005006577837,-0.0036373251126251404,0.015582193268470577,0.003741196686844961,0.0016275734963887118,-0.004663278503354372,0.003862568835316032,0.0003215677915401034
2021-04-28,0.0005173149641775312,-0.00020207960856156375,0.004577809032096053,-0.0013649383075710413,0.0015703408166000024,-0.006079146813405385,0.00631148836440847,0.00182122114578073,0.0006928192729146093,-0.0005126316354096831,0.00490649021730008,-0.0012458116889978736,0.001245127368405304,-0.00013101986764844226,0.004783220453618054,-0.0006235677583475497
2021-04-29,0.008854898351562737,0.008286976896505765,0.007070196803020117,0.007982565754563142,-0.010431513593727104,-0.018966231544367242,-0.02132510187542203,-0.011267739552892004,0.005640496360681096,0.008025636030521482,-0.0027679036193425295,0.006243505560966147,0.008880101679799947,0.008280458088510283,0.0070156705214049035,0.008072923539517328
2021-04-30,-0.006729647523317546,0.0007402693266436911,-0.00222074153632293,-0.003814002065278186,0.07615810292228212,0.07634436173541721,0.05048477793730871,0.0739796739826259,0.007084977550949063,0.0019363262851187066,0.013389812021816506,0.00230890761738137,-0.0069004768111784204,0.0008085998861351435,-0.0021068185531879662,-0.004031909243405077
2021-05-01,,,,,0.03980355255574375,0.019661792889687595,0.016476488301479013,0.038271753006649124,,,,,,,,
2021-05-02,,,,,-0.014599904851997027,-0.018837258612635067,-0.01625405486566701,-0.015204054976336649,,,,,,,,
2021-05-03,0.007437644948144481,0.00808636757323025,0.006766273470669708,0.006354470875305384,0.055476102519817626,0.024188894358367272,0.052938818610568913,0.05684776015047691,0.015444054543423336,0.008501656046773462,0.013082815573668343,0.010375717311308421,0.007276408794926032,0.008125687963602362,0.006673816693034957,0.006212411381394105
2021-05-04,-0.0023142375990448214,-0.004732973053466261,-0.00018053852708983516,-0.0037050171115298493,-0.0223198060480419,-0.03555945118755838,-0.06581809197367042,-0.022011459489572407,-0.005648499007211,-0.0059093858096205985,-0.01337032003047505,-0.0048846883003878065,-0.002482913401237728,-0.004215244264253759,6.477254634861289e-05,-0.0038555060297967673
2021-05-05,0.005992361499102263,0.0021127792948410357,0.004431430203959628,0.0032353526461209817,0.23237817771357977,0.11154231797726281,0.11497608159036737,0.2201329348982348,0.043723330868181844,0.004612100992325486,0.026566501248869483,0.020341636440604608,0.006090880612535666,0.002503340121904531,0.004664474074033467,0.0034124521341943794
2021-05-06,0.008050152328450045,0.007034215757265967,0.005182985756319381,0.007971201603498913,0.09504982199971371,0.025512120695323992,0.028259353411306,0.08708071042623867,0.022550097273660648,0.007160168305372782,0.008723497817640653,0.014296549638585372,0.007957514163031101,0.006990737347251877,0.00529869667760021,0.00784862557290515
2021-05-07,0.009636659392556049,0.0010540941494362438,0.00975100998269779,0.007610987929758424,-0.03738328711875315,0.003697511703799866,0.00407779865637661,-0.03336856304159586,0.001800001640671186,0.0007544623833259348,0.00876114760838718,0.004274131393613817,0.009692084105409955,0.0014126522053702865,0.009642550605331038,0.00773992962090287
2021-05-08,,,,,0.01505247076056373,0.022883570450199755,0.0298216186971077,0.018338375911399307,,,,,,,,
2021-05-09,,,,,0.01695799459749009,-0.012116544312585544,0.02476694300274854,0.015641047688638006,,,,,,,,
2021-05-10,-0.0043271232369361135,0.00466892559575172,-0.004982620490728579,-0.002147829626168888,-0.06333573003276818,-0.05132745130851906,-0.044807761965784114,-0.06264187572372196,-0.014161891036241457,0.003458060869698421,-0.014587073788720652,-0.006946051603005024,-0.004434284676027069,0.004670783191870585,-0.00486261433917659,-0.0022811306049670276
2021-05-11,-0.009261384465219461,-0.008705182294672997,-0.00997275112317419,-0.007397815688305958,0.12326469466551512,0.024978675234726487,0.048492526775475636,0.11348794744152645,0.012826295389902966,-0.007774571700989238,-0.0005828679560135827,0.0020501141537159475,-0.009093567105127997,-0.008630327284534566,-0.01006862041496767,-0.007247843395321692
2021-05-12,-0.01593679259010353,-0.013743263866498514,-0.016261654865838762,-0.016424774741504316,-0.1790871368375788,-0.14393480875561948,-0.12074307307125266,-0.1742899758924763,-0.04312851663134941,-0.015580827679337397,-0.03991872607059828,-0.028466724727823634,-0.015834140784738684,-0.013046839838147917,-0.01597257440488213,-0.016272957968881206
2021-05-13,0.008494958615479204,0.012098850927142434,0.011836252039430697,0.010148342987925886,0.06210183470583304,0.021883359967235328,0.07612060324557952,0.05621009108826071,0.01742943796387151,0.01226763664934264,0.02514203834720126,0.013643786666873985,0.00840899428825413,0.011848553096099916,0.011922462644121213,0.010034815346229185
2021-05-14,0.013989839118725322,0.002958809375465471,0.011473393869200994,0.010746971661260785,0.05375639703224409,0.02095334744061891,0.038798128329405886,0.05187396073776468,0.020617598770978456,0.003037313478670045,0.008812175982415715,0.01381455310999384,0.014036986579495881,0.0027042365191997583,0.011319143988273085,0.010831289568769512
2021-05-15,,,,,-0.03983153713712915,-0.05896009380984419,-0.02443636713739115,-0.045035696184288515,,,,,,,,
2021-05-16,,,,,0.0028746940214076752,-0.005870926888803273,0.011057759050573353,0.0011884447569412864,,,,,,,,
2021-05-17,0.0031098894478385737,-0.0013673866318268436,0.004162710770895163,0.001155772511326499,-0.06620591298990389,-0.06156475303220243,-0.08135938780103973,-0.06682446635705175,-0.00844274429178517,-0.0024278977045472765,-0.013673373314437716,-0.004065060958626318,0.003050361018805202,-0.0013437752137557106,0.0043601581186979675,0.0011578222113393746
2021-05-18,-0.008646340971441622,-0.003732360576956679,-0.008333560191442727,-0.006080570764190171,0.01708008379277666,-0.011297605672130591,0.002164537980333599,0.014844503883116072,-0.0043586035107385755,-0.0036009653239397876,-0.007713723813309878,-0.004498847670596703,-0.008869381978618193,-0.005340082017678162,-0.008284673317287496,-0.006438213732426128
2021-05-19,-0.005355264782657149,0.0006303423584223636,0.0048236212643878035,-0.002874119096058144,-0.303373487313533,-0.1677468248080069,-0.22499358937179656,-0.29132811504958256,-0.05502496853780313,-0.00329224882603048,-0.04019585685872591,-0.02563162652285461,-0.005604756780436961,-2.8629910454361255e-05,0.004327163125099006,-0.003185373060972894
2021-05-20,0.008595708763838073,0.010100854381025051,0.009033374568120894,0.009884384922964066,0.14700206982203626,0.11742514899010721,0.1462662052049041,0.14513344967597583,0.0316634356068711,0.011693193635181263,0.033014424654210915,0.020242997836846504,0.008685155097406172,0.010403595807417712,0.008931741969462656,0.00997643093616487
2021-05-21,0.0023746797752530234,-0.0017507893168259426,0.002116546432070856,0.0006969719528113854,-0.1408603473018848,-0.09377123311067022,-0.11753300013211403,-0.13624117785718085,-0.021497824737603276,-0.0033537532872807137,-0.02109884174264998,-0.009844146972490484,0.002248486444456592,-0.0016130620769642164,0.0021006770068230773,0.0006120195559053407
2021-05-22,,,,,-0.06160251327788788,-0.005696544961144604,-0.033632939509985214,-0.055923618432823494,,,,,,,,
2021-05-23,,,,,-0.1129073822434224,-0.08303784968607343,-0.0891339612510366,-0.1110836288213352,,,,,,,,
2021-05-24,0.006160084121522577,-0.0014523238671402675,0.008908825491772767,0.004527624381227785,0.2529235672798113,0.14625437818113318,0.17502274808684976,0.24478722065917777,0.047287331314570705,0.0011186686680771376,0.0351985021168014,0.023158129357548476,0.006292073421697987,-0.0015834252924152045,0.008851386781547923,0.0046764244430551605
2021-05-25,-0.00548226486313403,-0.005396296861865808,-0.004774612599715474,-0.004791346697179838,0.0028286933522609597,-0.0005113037747564462,0.004022442115411537,0.0035011841662017434,-0.004097105160568199,-0.005331046057672078,-0.004411810341536369,-0.004165733761819544,-0.0053399556327187155,-0.005857518937872264,-0.004871385819641007,-0.004664800661769142
2021-05-26,0.003712752675729429,0.0008669941274364709,0.005683984893570777,0.0024552122285448792,0.07066872279801244,0.02935603795645902,0.07488342849142508,0.06803693510562267,0.014872081029443268,0.0016261303509776217,0.016091121051342135,0.007517869437003951,0.003776545312473604,0.0010612749200048738,0.0055253517202206595,0.0025767402970597983
2021-05-27,0.002493264197657326,-0.004366116097359812,0.002830535763648707,-7.519996399947703e-05,-0.03622452964270197,-0.02894775823063211,-0.04863026141527609,-0.03536023469214385,-0.003959701442402557,-0.004868439855051338,-0.006495878116933093,-0.0028222913370544774,0.002212794140623228,-0.004473620616287708,0.002474925153187731,-0.0002517985315635548
2021-05-28,0.002936812078919124,0.0011919835552376204,0.006131719215158589,0.0030861576403378335,-0.08364161267040388,-0.07336549489003556,-0.08632317109170813,-0.08408563928572994,-0.011492925379301376,0.0007899549841335429,-0.0061984673386641645,-0.0018937338168998653,0.0029346636120245826,0.001080231355638467,0.005826077965468527,0.0030681142910581696
2021-05-29,,,,,-0.05675666284012572,-0.03475853864255929,-0.05127304974425744,-0.05445818238408303,,,,,,,,
2021-05-30,,,,,0.04599013554369838,0.03410510383195057,0.06484558131497085,0.04495349031138024,,,,,,,,
2021-05-31,,,,,0.09017948488864361,0.04764642101862215,0.1132609820250347,0.08754289590926558,,,,,,,,
2021-06-01,0.006155867931106327,-0.00422661205228905,0.008878396395013031,0.000902700328693381,-0.019186745025294896,-0.017010624981628183,-0.01901629967905547,-0.019061202305732786,0.0019320991050394568,-0.004278222499769419,0.0006170450791688232,-0.0002507892272671236,0.005616188635643061,-0.00401588658589885,0.008686775364883714,0.000495991624960908
2021-06-02,0.003927973385446996,0.0011755794001093553,-0.005487611461331685,0.0030446769203887857,0.01568630356701275,0.02412834316166558,0.0173069519063322,0.017019537170214923,0.005887695082374622,0.0012702934021226273,-0.000759507833023659,0.003968464332374112,0.0037790754442418566,0.0007677485055820415,-0.005475892855699065,0.0028386726663058776
2021-06-03,0.001535642621894657,0.00390820060542065,0.00449318810460674,0.001924665009525063,0.03417599714809401,0.04379268569930639,0.04807145362715042,0.03618307619307044,0.00697570170959455,0.004124324057655749,0.006708914192210684,0.0039424581670670505,0.0012247512233943174,0.0037415506110041346,0.004442873496439452,0.0016044663464002897
2021-06-04,0.00663026846810969,0.006078657096678515,0.006823632969393717,0.006792329701418166,-0.07013513415978842,-0.059164579740789564,-0.06557208636667926,-0.0685873560734641,-0.006163965303206661,0.005842135809300794,-0.0027932284985956487,0.002439872940126606,0.006717988300988364,0.0063416831887679204,0.00688577848463154,0.00689261912281736
2021-06-05,,,,,-0.03151695830923769,-0.035904022329002215,-0.026699325578842324,-0.031430052721413894,,,,,,,,
2021-06-06,,,,,0.017874280878071483,0.009220980966152648,0.020659639864906435,0.017584729087573456,,,,,,,,
2021-06-07,-0.0019190242636381518,-0.004157857843074358,-0.0006435935710108187,-0.0014588606692490077,-0.08261493454301594,-0.0645493100956067,-0.06282819581084659,-0.07942195533727797,-0.015368342643534448,-0.004499094605673939,-0.008027153411076241,-0.005933028273256296,-0.0019107419515665015,-0.004098421699482782,-0.0009481604550700276,-0.001438847082791794
2021-06-08,-0.0026256523440645065,-0.005544938983428133,9.77726675347435e-05,-0.003915876921763378,-0.0010986656821033386,-0.001955229295135431,-0.005994137148144951,-0.0015458373173242886,-0.0023711545670709777,-0.0054564695319949345,-0.002068400976990937,-0.003766898655414623,-0.0027480999922624362,-0.005487667536441989,0.00010710343008623452,-0.004047373256310273
2021-06-09,-0.002621494186845723,0.004845865953132737,-0.015274485702496694,-0.00023929680738338414,0.05692371448042062,0.11247278615910476,0.0365578567537781,0.06098816754869148,0.0073027072576986665,0.005010443985973454,-0.0065824131757249394,0.003209124436470946,-0.0026005997490166307,0.004557424301774117,-0.015209488195229099,-0.0002876553435287828
2021-06-10,0.003598385643246949,0.008252644193960216,-0.0033949150167312397,0.005485254316057687,-0.0467902209683756,-0.018204827549205983,-0.05612017789921391,-0.04400292674466372,-0.004799715458690142,0.008106646755191668,-0.009262238743337776,0.0026587539361576586,0.0038809584154346054,0.00805589097875185,-0.0038712921081259823,0.005688589917254158
2021-06-11,-0.00019304660451298513,0.0020759846238177677,0.00045125911285198847,-0.00035041997444067527,-0.034612165788076216,0.014503866182676406,-0.05033200803102522,-0.030920874723116703,-0.005929566468440189,0.0018372490102799028,-0.004358881381703176,-0.002199386525884274,-0.00022259350148853496,0.0022527037969168116,0.00022916282534815743,-0.00035020458099652965
2021-06-12,,,,,-0.006108771207590479,-0.045915807810680616,0.013381231105818148,-0.009037059696839423,,,,,,,,
2021-06-13,,,,,0.06060711073488845,0.09782040590253994,0.056599571267080775,0.06369079508996096,,,,,,,,
2021-06-14,-0.0015218262616063984,0.0002799459217929881,-0.007813616654947533,-0.00017601900378777415,0.012104542324334043,0.027932689153468478,0.010139794610478444,0.013499398227444375,0.0007492351693836757,0.00031265927131708703,-0.004463366225240753,0.0005677629198102223,-0.001376448588451756,0.00044566115265359937,-0.007826270315497347,-0.00010966693872398842
2021-06-15,-0.0014924320060200657,-0.004437045424175254,-0.0059642328805688104,-0.0031707378661005874,0.012503131044355522,0.00476682537095644,0.018649670043779962,0.012403617141902598,0.0008401618357091983,-0.0044089810645174575,-0.003421556815096008,-0.0022152715632252967,-0.0017818572175414163,-0.004832763712726294,-0.006036613279863561,-0.003470620242599023
2021-06-16,-0.007942953726279381,-0.011027830002049863,-0.010529278001911137,-0.009387437294537528,-0.0697520672369448,-0.051182540823677056,-0.08019719906840775,-0.06840784549520726,-0.01824447264472362,-0.011268623476109588,-0.01639520679522927,-0.012727391761346449,-0.007935073032745115,-0.011324509933940184,-0.010623287805158754,-0.00936647618157913
2021-06-17,-0.008628992318018565,-0.0004537182922869595,-0.013814081193591994,-0.004609150214629077,0.009720760770419102,-0.005395757080818977,0.0014212436098552403,0.00878724570292247,-0.005570700136612286,-0.00018144640142279419,-0.013116792669160533,-0.003674259019442322,-0.008493295359325638,-0.0005267621112548728,-0.014305397888968384,-0.004705930398906344
2021-06-18,-0.015075440337741249,-0.010739342247478684,-0.006811754285325178,-0.013983456887388942,-0.05772062088488967,-0.059327957395317564,-0.05195736122082102,-0.057772035514559505,-0.02218297042893265,-0.010970631332370997,-0.011013359036958065,-0.016537596725852352,-0.015032773329409178,-0.01069214800652513,-0.00696844144483973,-0.013952412209134806
2021-06-19,,,,,-0.020498713298390713,-0.005145605229820447,-0.021744603897875373,-0.019034697612331584,,,,,,,,
2021-06-20,,,,,0.011456111133318935,0.0021877757858790653,0.025720993547552418,0.011041921967149093,,,,,,,,
2021-06-21,0.016981836922855053,0.010407222365018978,0.02072710642685488,0.014514171878670743,-0.19019405150636529,-0.1160749032106531,-0.1760576416523069,-0.18249872089850533,-0.017547477815348333,0.009482364698548422,0.0005766952171887041,0.003247705032803992,0.016680596946610105,0.010191764471192787,0.020734997757721144,0.014248026536726343
2021-06-22,0.0013849084679286628,-0.0008072326425138034,0.0017773696488232545,0.000534800261758777,-0.034837352458124686,0.023546978968163032,-0.023011503661614603,-0.028822868747886303,-0.004652135019746895,-0.0010457933791318424,-0.0021296549315954504,-0.0013573571967456454,0.001305165878574255,-0.0007619754011796323,0.0016657296348502415,0.0004673670089765004
2021-06-23,-0.0034092189923983843,-0.007397177539891787,-0.0012634349922602591,-0.005032039972905036,0.0855970046606085,0.039572584720977244,0.08025263903285955,0.08063952542029315,0.0114251516164361,-0.007029480294219128,0.0066422861088169674,-8.805441004390276e-05,-0.00347806818994646,-0.007543538206251159,-0.0012954013905642557,-0.005087242286791773
2021-06-24,0.008045844887354254,0.005142397396468733,0.011494740553607798,0.00635397927916708,0.06135694304332537,0.032817545130904444,0.04600020492966404,0.05873730089834945,0.01693102791334944,0.005936423060896781,0.015612205284634873,0.009526794638008759,0.007991398469378616,0.005139832446937895,0.011788497459684806,0.006309335923117604
2021-06-25,0.007796049512859093,0.01143319749062377,-0.0007304369914418946,0.008245756147256856,-0.08057487382765759,-0.08654225069790797,-0.08054061600433031,-0.08077157864131047,-0.006932437710560354,0.01080048227964002,-0.008108859093796035,0.003184069321978515,0.0073370507382111575,0.010853769463209812,-0.0008440383656101941,0.0077890070576661675
2021-06-26,,,,,0.011936020786419109,0.017093118218536117,0.004044746421543154,0.012146784753192153,,,,,,,,
2021-06-27,,,,,0.05340874980562807,0.07523955807665395,0.07053053805985757,0.05607235381552159,,,,,,,,
2021-06-28,-0.0016871117212886432,0.0022751438182562972,0.001269004357467627,0.0011795780619769378,0.018891398769319223,-0.005869112479732446,0.019773386527325944,0.0172830855220517,0.0017426400271460013,0.0023547186406721182,0.0018448932059583897,0.0020424291244631235,-0.0012064336197298972,0.0027253808579035593,0.0012505438194496715,0.001653142704452226
2021-06-29,-0.00041512416175831335,-0.0030428234415852953,0.0062749507139168905,-0.0010387233689516662,0.07656251270863891,0.04142029666333816,0.06700002504531577,0.0712025663312601,0.012414481983307891,-0.00293757770281871,0.019140936834718538,0.003010122759541166,-0.0003584053571029125,-0.0029907328150171573,0.006293775014935554,-0.0009861775833731802
2021-06-30,0.004396661504242163,0.005748564099329162,0.0037589091249942202,0.003444169821058119,0.010229283835137904,-0.021462137392111284,0.0252143645023361,0.008533356349353597,0.005368765226058119,0.005584848725227647,0.0040706277730619125,0.0036719657466815904,0.004659681699088909,0.0058307323744162115,0.004492827500815358,0.0036015398337088693
2021-07-01,0.006588444236266208,0.003492887557675838,0.002227939636797158,0.005521372978844381,-0.052857881690813346,-0.041926462097062536,-0.05449699820837333,-0.052020304199158575,-0.0033192767515803833,0.00328888516806407,-0.000987774252312142,0.00272998674258932,0.0071096583110304284,0.0037055977635450377,0.0020359413402844815,0.00580655641178102
2021-07-02,0.0037870288658624985,0.005033056930401189,0.0048402702050774835,0.004414013364636426,0.006644821951439307,0.01085627800122974,0.026419369307860405,0.00804056797805796,0.004263327713458632,0.005101604487703699,0.005410807063791722,0.004570588299500648,0.00367510848794955,0.0050266016106431,0.004681038913134464,0.004371445397642759
2021-07-03,,,,,0.022742221109748106,0.02193444919615688,0.02677625564060373,0.02264408228231514,,,,,,,,
2021-07-04,,,,,0.02195183945789651,0.017952519908023993,0.030418184393754877,0.02243370055529793,,,,,,,,
2021-07-05,,,,,-0.04758275314865554,-0.043445202211836335,-0.04447080479535262,-0.04703038877841014,,,,,,,,
2021-07-06,-0.008689862235726455,-0.002257461543508089,-0.0014405619640881565,-0.005144910617431338,0.018173860759549767,0.014127836612017372,0.028722176663890972,0.018509996409238255,-0.004212575069847085,-0.0022387849827509194,-0.0002488900289220936,-0.003959629849601292,-0.009455575285936506,-0.0025622417705487527,-0.0019002191989029938,-0.005563575221394062
2021-07-07,9.602564581949073e-05,0.002423858574208844,0.0018778597706403588,0.0015868857027354832,-0.01356780382657763,-0.011047743084587789,-0.011808091237690879,-0.012941388964788095,-0.002181279266246696,0.0024522846059194126,-2.9744144844981822e-05,0.0008799306504571415,-0.0006070210031866165,0.0023408809301776576,0.0015258080691665681,0.0011562540641706753
2021-07-08,-0.006922522612545074,-0.0049595282699763585,-0.01122286181081518,-0.006444804820182337,-0.04999297514892138,-0.029975359729611777,-0.0630888890511807,-0.049012843620879626,-0.01410093136860779,-0.005286622160275306,-0.012730740117388404,-0.00848853658425738,-0.006816454589598648,-0.004969235883979522,-0.011282648251914558,-0.00642086299911192
2021-07-09,0.01211670315324331,0.006843845473306315,0.01860239912501709,0.009927956539408374,0.03256800205560832,0.027402537270850073,0.014254991980127254,0.030199818680830656,0.015525252970304146,0.00685655522426099,0.018396032220736172,0.01095782954494139,0.012257046810124081,0.007080830876067363,0.018696826536537703,0.010054519386678007
2021-07-10,,,,,-0.01606017871014616,-0.008382131901499092,-0.013478106676450122,-0.01490899045810955,,,,,,,,
2021-07-11,,,,,0.01105089689578709,0.020790306246643055,0.011865684104046367,0.01171307308646039,,,,,,,,
2021-07-12,0.004299687110597881,0.0020434874890782493,0.008842892340481263,0.0039494486861543976,-0.021458439480235236,-0.031346938638654585,-0.03564882570737084,-0.02330319856385528,6.6660121256945256e-06,0.001824190563778451,0.006702535087620529,0.0026332198003782867,0.003900572571970826,0.0018514162509386727,0.00863569117462501,0.0036426739142618714
2021-07-13,-0.004766188522257003,-0.0023389059784547886,-0.011832253879272555,-0.0037869193656759124,-0.032729916190515705,-0.01423776611442815,-0.04077987772881167,-0.030948823427428083,-0.009426809800300116,-0.002455185530454637,-0.01222797665109583,-0.0051917736744242545,-0.004814063855300353,-0.00252276004273565,-0.011753347707161485,-0.0038646473028274586
2021-07-14,-0.0013789228043061597,0.004242775867023639,-0.0009964855454084659,0.0011519380081750831,0.005343652094854679,0.0037053466920536657,0.009886873923992253,0.005811875937715151,-0.00025849365444602005,0.004321570251163043,-0.00039258693001789353,0.0014788347429670664,-0.002333381642052845,0.004209526626915365,-0.0012758080493887186,0.0006109369551786447
2021-07-15,-0.0012527313665276262,0.0015003685361459607,-0.004291993423049602,0.0003211126149076116,-0.033657562374154494,-0.031840923920611185,-0.0384264119363688,-0.03388863223367178,-0.006653536534465437,0.0012108182648082114,-0.005579713496943743,-0.001257020540249046,-0.0017687276901532866,0.001534545366373689,-0.004427338534056817,1.7614936795797183e-06
2021-07-16,-0.0094583508671908,-0.0014181598019705195,-0.014163522313578748,-0.005516391899550367,-0.02451103417517737,-0.012620542386285023,-0.02971064232712976,-0.023883592538856413,-0.011967131418521895,-0.0016079526533533841,-0.014045237563971085,-0.006326902176346414,-0.009850024208114613,-0.0017054594243062974,-0.014088822765584947,-0.0057604983674366134
2021-07-17,,,,,-0.0020961608637220745,0.003507370090942988,0.004051020327065404,-0.0011849859350508047,,,,,,,,
2021-07-18,,,,,0.0029498340208449774,0.00817919981569612,0.00591684943478217,0.0032966872766385926,,,,,,,,
2021-07-19,-0.017265279227803593,-0.013767169713967263,-0.012630482282448069,-0.014862832183144872,-0.048431026233618495,-0.03171506118978065,-0.04073169480564734,-0.04668566886701763,-0.02245957039543941,-0.014058609063831358,-0.014611091079697497,-0.016522808723331322,-0.017488311969530157,-0.013876184627900356,-0.012832258999537039,-0.014917698995181987
2021-07-20,0.011365506267585474,0.005323617383631635,0.01530096672787374,0.0090940528158131,-0.039675775806226554,-0.033943142348763194,-0.039649835610281646,-0.03909103173744618,0.002858625921950135,0.004894954974570172,0.01339245233864658,0.006717963249363123,0.011560065352564815,0.00545976546120689,0.015795601079609114,0.009241189994827623
2021-07-21,0.010312805453817258,-0.0017241470425893974,0.00911811230989529,0.0055600152024623765,0.08404642491288189,0.07751726322371862,0.10376338936491292,0.08458840782080711,0.022601742030328022,-0.0012375821089477134,0.012663164140978483,0.009309914384826794,0.011319996866997778,-0.0015366965580218181,0.009656317590404665,0.0061958707313595155
2021-07-22,-0.001290319131949631,0.0003886438454074704,0.002386348766228158,-0.0007818924499493007,0.035105539490129026,0.007103685619421857,0.014942759110207968,0.031465214883244726,0.004775657305063478,0.0005388830032695102,0.0025276996520778505,0.0006940169659525636,-0.00138929333360317,0.0004936717521960327,0.001998969144743386,-0.000823708756074097
2021-07-23,0.005172454986152822,0.010344577250614932,0.007543479019189862,0.007007338927923141,0.030230782391342626,0.038029701309315427,0.03612342147555386,0.03114670452197953,0.009348842887017789,0.010331770061173258,0.008572477369313259,0.008220390193046918,0.005032262776862085,0.010193200062662142,0.007555831080835939,0.00694931794837917
2021-07-24,,,,,0.02087857317535161,0.021267955508103745,0.03383377270864671,0.021338148380111735,,,,,,,,
2021-07-25,,,,,-0.0013191821921649028,0.02947224965356387,-0.0017835921141934284,0.001811814974817936,,,,,,,,
2021-07-26,0.005689444061937252,0.0013610404937248674,0.0025464872342178075,0.00342774423208796,0.024043643109556537,0.05424393078074423,0.021717557761594963,0.02662927285188575,0.008748477236540465,0.0014219040917277093,0.0036853317331983636,0.0045238847681963595,0.006036680580452749,0.001404407710492044,0.0025823791510416927,0.0036044760575033503
2021-07-27,-0.0020674143337947658,0.0010966727852133682,-0.005459953550724204,-0.0005172495178686195,0.026644279596079668,0.05377398653461152,0.024417544385159477,0.029064091232449827,0.002717867987850973,0.0012345912062740978,-0.0040887797445028976,0.0010536968825153499,-0.0023829488215968103,0.0009466600925580533,-0.00515577068338754,-0.0006942547173958734
2021-07-28,0.0024506105914112643,-0.0011701082429630375,0.002765581250794605,0.0009791038179492845,0.025869776100008457,0.014439652220863587,0.0017077945581017342,0.02342474411458479,0.00635380484284413,-0.0012420221187251983,0.0024160556100682015,0.001927886085419258,0.0029256875419495882,-0.0014514728312029557,0.003339267865917259,0.0012935549095402987
2021-07-29,0.0063301812971962015,-0.0007820957835980912,0.008075892971073891,0.0043828467921361814,0.018439540828283675,0.000908991155817855,0.013832939919999548,0.017106157345673337,0.008348407885710781,-0.0006590156656360771,0.007032567238911215,0.004917896275400839,0.006815722573844395,-0.0002948696322746709,0.008459543198570863,0.004880813772904412
2021-07-30,-0.005476928437086,-0.002645294331133107,-0.002360139648229666,-0.004225961162551198,0.02907854641851262,0.053978300508452114,0.031113007315299694,0.03139874107657971,0.00028231737218043667,-0.0024207139374235525,-0.0004774639906200054,-0.00262724405694151,-0.005484497840361956,-0.0027322691120077397,-0.0028169675838817876,-0.004233829106056291
2021-07-31,,,,,0.00498091412772671,-0.013289917051330794,0.009865200580572638,0.004073028683783611,,,,,,,,
2021-08-01,,,,,-0.022758807451950847,-0.038370651493288915,-0.009487056137372937,-0.022754248923242612,,,,,,,,
2021-08-02,-0.0025946151195928866,-0.0015817238319931642,-0.002829124292704199,-0.0016344063562514616,0.010486102598031722,-0.017955381863668008,0.0024655850491423115,0.00807317135889486,-0.0004144954999887856,-0.0013959025739123051,-0.002790754332130732,-0.0011100518999341198,-0.0026364015813420843,-0.001566371419158253,-0.0028027908022787316,-0.0016709821508909615
2021-08-03,0.006555937558699149,0.0006255476907845364,0.008025742889993533,0.004830239321431717,-0.015388954950252167,-0.02538144279776616,-0.011469782072767854,-0.016215824778288725,0.0028984554738739313,0.0002897104088722644,0.00587695923233516,0.003812631731313497,0.006604910234684939,0.0007256771738771428,0.008343174873845463,0.004946335253760955
2021-08-04,-0.007995184894552278,-0.00818545228664764,-0.004615782264697882,-0.007123949809996984,0.03586243098793669,0.04169940488207654,0.04690472422735473,0.037703355623086555,-0.0006855822474707831,-0.007868030522875479,-0.0025086751160938994,-0.00509427240754698,-0.007922613123251026,-0.008241599518688645,-0.0046543815752659,-0.007065640474713345
2021-08-05,0.004858409186381643,0.004465888140655808,0.005239393906039578,0.004433741497540603,0.0162912139985419,0.028299452812807033,0.022962477148920912,0.01799012627887587,0.006763876655075019,0.004688894969195539,0.006772140771179461,0.005252428795026184,0.005035765613746499,0.004523171770408092,0.005479344284351704,0.004576465820854026
2021-08-06,0.0033861593133184616,-0.0012720372244002934,0.0020380444408938155,0.0013567817959368267,0.022413974415808856,0.04647723068806329,0.02294925486545477,0.02443350983579122,0.006557461830400195,-0.0010098805316846242,0.0027206644799754186,0.0024157408205411845,0.0038282270215390314,-0.0010442800645895634,0.0035601304689194743,0.0017605268399173086
2021-08-07,,,,,0.07056124046525344,0.040882264808365563,0.07383405973184688,0.06773171521628306,,,,,,,,
2021-08-08,,,,,-0.044867926635484945,-0.017952081184741325,-0.03530169239357095,-0.042097041354887385,,,,,,,,
2021-08-09,-0.0025151353318879437,0.0011836290517185132,0.008778717034600718,-0.0015749115075294183,0.053636190115404374,0.05746325541357537,0.045482591791004674,0.05408460422693823,0.006843418909327442,0.001383303716834766,0.010024913844492372,0.0010587980793785718,-0.0024301866126906755,0.001084082169361252,0.008328266304918475,-0.0015285936745822897
2021-08-10,0.006225201968229889,0.004543448891308845,0.015304488698681847,0.004210838908919622,0.01922318186200601,-0.014051736429624047,0.03443196471357398,0.016752017799548616,0.00839153195052591,0.004496307974427444,0.013028427017884644,0.0047606983648331705,0.006360534513147543,0.004559157486094909,0.015808542192099945,0.004305007486449285
2021-08-11,0.008553749273534144,0.0041552878064488406,0.006006363854063051,0.007263985476509905,0.06307775869864235,0.004615334956092911,0.0307136654475271,0.056837291286012136,0.017641084177718844,0.004804962565901606,0.007032193579966471,0.00974824344438376,0.008729980332596522,0.0041388405664767895,0.006323042223706475,0.0074624257582513315
2021-08-12,0.0018025545333928796,0.0028058017414172545,0.0073939633299227574,0.002458112098079397,-0.021826703867775823,-0.024004469851244527,-0.0156006397902832,-0.02160195813763134,-0.002135655200135237,0.0028737523203649466,0.006198348887065475,0.001362458617077665,0.0018930821055545253,0.002800435638729801,0.007090067460561842,0.002523540862456295
2021-08-13,0.0011371561711445751,0.0039688713841077375,0.0005457080475391328,0.0027206919877666366,0.10036157544278568,0.07667662749010368,0.11025282918086754,0.09864194108356747,0.017674559383084754,0.004322876322551942,0.003304991131081185,0.007243937580489634,0.0009194934490971048,0.003978064239549748,2.6095817926557715e-05,0.0025399785537040124
2021-08-14,,,,,0.0461467226724572,-0.012535939238806129,0.005504428034697607,0.03782558323179045,,,,,,,,
2021-08-15,,,,,0.01899541951065865,-0.0010186032919088754,0.01697033340930196,0.016418400538013037,,,,,,,,
2021-08-16,-0.0013067599761297918,0.006747666367940952,0.0006691076923477095,0.0018420865968505839,-0.044065728043762666,-0.022852110008533814,-0.0431088062435913,-0.04206382012832577,-0.008433254654068604,0.006482948080611453,-0.000627380188860064,-0.0001484506205148404,-0.0013760973695460007,0.006697113826692259,0.00015342996253674655,0.001726476117892285
2021-08-17,-0.0053479278173609686,0.002908249207494227,-0.008720682888822133,-0.0024174574534390966,-0.06500531543194384,-0.029712441539379415,-0.05677179763156247,-0.06104804275712762,-0.015290825753124779,0.00257024494047942,-0.009787955516948358,-0.005183927176374433,-0.005505204020548556,0.0028561220996220415,-0.008990517640507626,-0.0026351396364755323
2021-08-18,-0.012821725418145536,-0.010830318008892318,-0.004554273245522202,-0.012088569275415953,0.013070150055442396,0.0034319805887080826,0.033265688476060845,0.012714625621413204,-0.008506412839214213,-0.010783881334750688,-0.004054847137174582,-0.010882092050819397,-0.012698273327452209,-0.010898187849325983,-0.004904576748384932,-0.012004510571633853
2021-08-19,-0.004620087357378641,0.0015156656345192436,-0.0027002057624983655,-0.0014379838358692311,0.06192229008871089,0.044207725357334825,0.08103738477665617,0.06105251750395683,0.0064703088836362815,0.0017438277601889824,-0.0008093730577884079,0.0015065483187699626,-0.004688966840746119,0.0013021147461681189,-0.003650535579378792,-0.001540566194526636
2021-08-20,0.005321036088544202,0.003918075494861176,0.009347479457450913,0.005444307810768254,0.038683251853805764,0.054657336314412684,0.0332781640497044,0.039450389212229556,0.010881405382754462,0.00401269450374445,0.010675247443300482,0.00699314892108891,0.0053984119615301624,0.003910872794305499,0.00907216937383909,0.005536222828145592
2021-08-21,,,,,-0.02392748511978322,-0.0093615525259844,-0.015687719075598964,-0.022304068472798096,,,,,,,,
2021-08-22,,,,,0.018669111161964916,0.009750547170555226,0.03947146126292468,0.019015062989114824,,,,,,,,
2021-08-23,0.010275235784609368,-0.0013944592846285213,0.009362344229130412,0.005789393699721055,0.02087886156926002,0.00599276196668499,0.03379099735848393,0.020216349024398818,0.012042506748717808,-0.0012939649463173286,0.007990758111638768,0.006242554613811096,0.010069792123161132,-0.0012856377254399079,0.009642254812712832,0.0056929909195864775
2021-08-24,0.0021334034039965652,-0.005203306302115384,0.002826008326387848,-0.0007400704164650569,-0.06750241932459834,-0.03819372354468567,-0.05454479909201451,-0.06408202173006715,-0.009472567050769251,-0.005534925072025972,-0.00032412145712467017,-0.003888538680654711,0.00237646586897721,-0.00504079472985623,0.0037983478003672435,-0.00047820827381552476
2021-08-25,0.00029726073591912494,-0.003536559264328414,-0.0002831492639387219,-0.0009859124336884274,0.02174154514931408,0.026225463273341798,0.014844379005997015,0.021861703626338765,0.0038713081381516177,-0.0033571317123227374,0.001070654512881334,0.00015896175869003896,0.00047323091873855897,-0.0034659104097281893,0.000233740607183897,-0.0008216489010956414
2021-08-26,-0.007054964671320488,-0.006178624364037161,-0.006321554349205176,-0.005874237564556891,-0.06146006562904986,-0.041896423350610335,-0.05338263951501969,-0.058868801943403055,-0.016122481497608716,-0.006424644790503827,-0.00806565528696973,-0.008364357011947317,-0.00709573457977188,-0.006274773547788428,-0.006396214448355408,-0.005942997635431497
2021-08-27,0.011274058695481981,0.001760477432203544,0.01119628634116933,0.007947553647700716,0.07269710012304198,0.047153253168263215,0.08858892064195516,0.07078326710215488,0.02151123226674198,0.002135566672742135,0.01303113997834993,0.010864205185122612,0.011175394296454215,0.0018401093210391856,0.011626247066233018,0.007912147988472926
2021-08-28,,,,,-0.010523062092153713,-0.003490847573899278,-0.01339323067339782,-0.009805836339901085,,,,,,,,
2021-08-29,,,,,-4.2230907735907525e-05,-0.0012821242770577924,-0.0028263620414112002,-0.0002988960379275303,,,,,,,,
2021-08-30,-0.0008556941413459171,0.003868926643528454,0.0028090183753551896,0.0012531082396837715,-0.03427301946401956,-0.03616960255303874,-0.025641985481831792,-0.03355851035716292,-0.006425248361791524,0.0036139880452164624,0.001070843007362869,-0.00035925205188393596,-0.0009475728116397925,0.003742667732024435,0.0020263724084371047,0.0011657992438623998
2021-08-31,-0.0003515428249847849,0.003930995338098872,-0.0018284182421161714,0.0009065506302591275,0.033926461457846724,0.0037707492338741803,0.02072656644782965,0.03152853699552171,0.005361457888820467,0.004105060867785662,0.000466389115193046,0.0024277790646377116,-0.00015821638657396734,0.0038877085320565634,-0.0019468208079117637,0.0010453488456654708
2021-09-01,-0.0020525501983184175,0.0007661096135902503,0.0032587002465025313,0.00023346558857375205,0.05544915718852714,0.03727037833887662,0.050358109033432616,0.055627486618899075,0.007531067699489176,0.0009843896597979377,0.005993821927710181,0.0029038928090381303,-0.002044115708609713,0.0003892899596452279,0.0028037777405586764,9.965980829728207e-05
2021-09-02,0.0069241341926257706,0.006270140411711868,0.0017182460062405613,0.005791642975332936,0.011792504731032993,0.011909932892399848,0.016581516230280556,0.01207996997445411,0.007735529282360307,0.006588568013657493,0.003552720056298592,0.0062127416818525735,0.006578645561308156,0.006174866104318587,0.0016418901916977428,0.005596549659152739
2021-09-03,-0.0034739609787678314,-0.001210176589842696,-0.0028697362702982034,-0.0025964687390050917,0.04657082039539469,0.014133755922215037,0.01222417787925093,0.044089231645850324,0.004866835916925921,-0.001228673721308738,-0.0024687545546619744,-0.0004602731338076314,-0.0031998958364065186,-0.0011695383927627463,-0.002767140676772457,-0.0024129169622556595
2021-09-04,,,,,-0.010212329589721382,-0.0017980089210051652,-0.03076903882310407,-0.009850490349580604,,,,,,,,
2021-09-05,,,,,0.056626714700174774,0.03605757949776342,0.03419921805323194,0.05324952233702704,,,,,,,,
2021-09-06,,,,,0.006357202425683395,0.01524786312772611,-0.013823845167542495,0.005010734862455739,,,,,,,,
2021-09-07,-0.010009097258011456,-0.013696149337688077,-0.008376207986636125,-0.011242853524737039,-0.16764027258755143,-0.11379541855147234,-0.1288477771724339,-0.16112671636230116,-0.03628095981293478,-0.01527289256053888,-0.016174992574679883,-0.018520711321107275,-0.010116391316548548,-0.01355123994203344,-0.008521894288361984,-0.011311993359076799
2021-09-08,-0.0019721439613384524,0.0043957934825791046,-0.0015526546124725637,0.001007061899216961,0.0004307836574903973,-0.010512304291723158,-0.008294207787229895,0.001471179091094749,-0.001571656024866978,0.005232057233783369,-0.0003265130277156114,0.001398950884143966,-0.0017441630997136128,0.004221021969115271,-0.0016088421617326534,0.0011133372866437492
2021-09-09,-0.006242056306770115,-0.011152673505664849,-0.00750083525580378,-0.007975706552930383,0.002673009912500279,0.006399996346230466,0.009955047720476048,0.0025230738921581688,-0.004756211936891716,-0.01120202980112672,-0.006836934261319069,-0.007583630575217748,-0.0063515010929891865,-0.010984013529199676,-0.007334594773741326,-0.007996501891069409
2021-09-10,-0.003712271977980051,-0.00746343719992225,-0.002327499454353717,-0.004469738284653293,-0.042101786452271174,-0.032206255493407124,-0.04885531927389125,-0.04161229192129997,-0.010110524390361903,-0.007835596558892073,-0.005052459305510093,-0.006333948981135067,-0.0036271965130328133,-0.007304482858746491,-0.002282435159954707,-0.004363498985792898
2021-09-11,,,,,0.029784970815188095,0.009790031439814701,0.06596462228920218,0.02904411077853681,,,,,,,,
2021-09-12,,,,,0.03900898067552668,0.02632785867534825,-0.0014718419873995367,0.03895105260070665,,,,,,,,
2021-09-13,0.005540850199334926,-0.00023635865349316582,-0.005087132609096119,0.002605274630437184,-0.043186748837215544,-0.02637471497603269,-0.05492893090579282,-0.042042323083763315,-0.002580416306756818,-0.0006331893642186657,-0.006963269029302489,0.0005549962761352245,0.005122684389138054,-0.00018457472091016873,-0.004908268612802509,0.0024033788190077334
2021-09-14,-0.009594622715975656,-0.005652864306701263,-0.011028308282990527,-0.007943609398410599,0.03937859648466578,0.05077856275971701,0.014367656446136072,0.040978325588364096,-0.0014324195158687495,-0.0047541501881810284,-0.008604824652359453,-0.005479627862334199,-0.009224375904046324,-0.005628425563081843,-0.01083782969089709,-0.007675484929761815
2021-09-15,0.008697701909292485,0.003146011698002596,0.007344125207031722,0.005633664746837574,0.033761799679333064,0.023145293112512903,0.04065516306505886,0.03335953543554433,0.012875051537632581,0.003600714456244779,0.008506898171712995,0.006983101097679361,0.008036104465884156,0.002928344664152408,0.007000980957231609,0.0051525165136270795
2021-09-16,-0.004843745212585662,-0.004645288460614043,-0.005911086705109567,-0.004692348021424575,-0.02260339800954957,-0.009819110242965749,-0.024374955953420797,-0.021532548812797106,-0.007803687345412979,-0.004931914243445194,-0.0072820383344547575,-0.0055804270957362095,-0.004884118702263711,-0.004500397009878313,-0.0059350969537634544,-0.004762135958212824
2021-09-17,-0.011501394104243307,-0.007922196007046524,-0.01918926096836318,-0.010974189222106885,-0.02821032375523107,-0.01482916644544896,-0.02833023113778319,-0.029014100992824143,-0.014286215712741265,-0.008437341288262512,-0.01931993205874451,-0.01186558207705119,-0.01147418215120841,-0.00789796046472143,-0.01881776197604019,-0.010970818396645292
2021-09-18,,,,,0.014642044853208722,0.020645216825527935,0.01196912906839679,0.014656497633413078,,,,,,,,
2021-09-19,,,,,-0.035910362635661094,-0.02118819745322376,-0.033293378435625486,-0.03391596276985729,,,,,,,,
2021-09-20,-0.017107007363820304,-0.00911039729810259,-0.019850299361534283,-0.013944255840044556,-0.11422485591169482,-0.09486117033653589,-0.09999559363956734,-0.11206723223530483,-0.03329331545513273,-0.00975960930979131,-0.02208223729941762,-0.018404017572672963,-0.01699356596500905,-0.009377605850033678,-0.019949931116766264,-0.013978815012501792
2021-09-21,-0.002108905432231736,-0.004004942789345971,-0.003002869568156169,-0.0023779885611112258,-0.05343634371662165,-0.049136356922465395,-0.046401570697976374,-0.05279847387415916,-0.010663478479630055,-0.004371360450984705,-0.005542539517725065,-0.004737159319809252,-0.001986050552029001,-0.003986347206533547,-0.0028741761617397366,-0.002276488842525419
2021-09-22,0.008905878341474214,0.0003570973828682825,0.0073010338209751275,0.005375424364417256,0.10935609613773782,0.07357830954432908,0.12370402776766487,0.10654315158122651,0.025647581307518146,0.0012636508133390336,0.012773728331258014,0.010126056256659919,0.008383599599653815,0.00048029464001885056,0.00774944411717802,0.005038032758258734
2021-09-23,0.011459114793696431,0.0031867653056224052,0.007168339256390343,0.007708567380162451,0.01626576948492713,0.029085221174328012,0.02428385517628089,0.017628016791761774,0.012260223908901548,0.0031578508817414292,0.007153009513521206,0.00799153086154237,0.011028871645640438,0.003366769553841735,0.007491561573874223,0.007484877443264438
2021-09-24,-0.0023443356466225375,-0.0025980435153726412,-0.0061373937783601356,-0.0032315287256569946,-0.06248339107083246,-0.04669596982870005,-0.03794916898976746,-0.060926398093290125,-0.012367511550657524,-0.0032481977654436073,-0.008536960667200699,-0.0059855789527733455,-0.0025079045653052926,-0.0026660153235022028,-0.00652240272072063,-0.0033117606366952638
2021-09-25,,,,,-0.004266625386774614,-0.0034854486889061053,0.0036353601446644595,-0.004134448802542528,,,,,,,,
2021-09-26,,,,,-0.006350457317357295,0.00906710022322681,-0.017934289950495133,-0.004345513898272566,,,,,,,,
2021-09-27,0.00328948149457919,-0.003370762042093373,-0.002739191798326421,-0.0012290449011870732,-0.031077363869180547,-0.022410750440856195,-0.03270942003466427,-0.030547463916181246,-0.0024383260660474325,-0.003319546242339036,-0.0049926300091968755,-0.0026383695276628485,0.002818796360768163,-0.003035663894960793,-0.002543563172374288,-0.0013753579640036974
2021-09-28,-0.011152180037691915,-0.005427031194011891,-0.008396620650152835,-0.01027891582742291,-0.032985894716289745,-0.028830039096155457,-0.036869751119499986,-0.03306739371756589,-0.014791132484124888,-0.005504771044942066,-0.008436995606836861,-0.011145570375437456,-0.011367730845357497,-0.005682461837959504,-0.009137531676211053,-0.010409772791239892
2021-09-29,0.003919694130095626,0.008590854959280005,-0.0008955391446120392,0.005688795103813735,0.025201653417809958,0.013881236471079906,0.013244811555026832,0.02392764150876647,0.00746668734471468,0.008961890289917228,0.0012702363073929914,0.006712718796350431,0.00387395363177852,0.008462561668889071,-0.0008601624737428759,0.005637340985506646
2021-09-30,-0.010112777369907561,-0.009405519542223921,-0.016209246361858796,-0.009246637135157868,0.03985386657347911,0.0526811477893856,0.03297678503174424,0.041293528581277085,-0.0017850033793431167,-0.00940550982932826,-0.015198253212846903,-0.007359210756760953,-0.009885814358606972,-0.00933093596390937,-0.01578732277609279,-0.009059878238903163
2021-10-01,0.012342170182835961,0.014034179111292738,0.007727111449769789,0.010314927049376166,0.08583803887920276,0.09787560588776022,0.0823227857186047,0.08660751546676779,0.024591481632230426,0.01403419528004492,0.013334907469612663,0.01355682484285447,0.012022960744007898,0.013573505605344692,0.00735171460106406,0.009985639602971136
2021-10-02,,,,,0.01314684618977272,-0.008264347826126959,0.007672509319170541,0.011214690987257537,,,,,,,,
2021-10-03,,,,,0.016058019141841507,0.009953352077475164,0.003539537754737455,0.014718291531945446,,,,,,,,
2021-10-04,-0.0027451043939078824,0.0016648740951082514,-0.00853104942054922,-0.001993569399399306,-0.0148396687445018,0.017543683365701543,-0.02111121164595194,-0.012381393688588793,-0.004760865119006868,0.0016648829138182439,-0.00806661549848271,-0.0022869827727861934,-0.0029705943354188975,0.0011626338369773114,-0.009104567677115961,-0.002241682202289431
2021-10-05,0.005693677902995397,0.0012170874920643543,0.006790478284502346,0.004085433167607226,0.03911206691222192,0.048051431777884915,0.028528687171847044,0.0396005150657092,0.011263409404533147,0.0012170890835664027,0.005931138176373847,0.005422792399231552,0.005832539311007352,0.001436261303352691,0.007111641828749604,0.004231765655319427
2021-10-06,0.0010971533003962212,0.0029009896698355426,0.007914468655899258,0.002929194904216656,0.02631207745706715,0.07218156968570545,0.003389842597302815,0.028981177356858484,0.005299640659841376,0.0029009908906903166,0.008305019604318228,0.004005687379832624,0.0010437808719274153,0.002670112842906182,0.007929484853348372,0.0027397838177308197
2021-10-07,0.008043666617446345,0.0087074908564788,0.005312308681604439,0.007105843794255906,-0.00638939697911447,-0.026396774602268757,0.015152702706906381,-0.007014423380469802,0.005638156018019543,0.008707499494482929,0.004378420909613429,0.0064716057301235155,0.008242628500369165,0.00857496661278424,0.005532620348186796,0.007326043355998916
2021-10-08,-0.0008405341466329583,-0.005455700771835193,-0.0011142720426965391,-0.002687373366624277,-0.00968783863579299,0.0024014205827875487,-0.01318013917690998,-0.00834511793365514,-0.002315084894826297,-0.005455699474567082,-0.0012133312973012147,-0.0028635304564015663,-0.000743147414191808,-0.0050289888105067675,-0.0012351145685131483,-0.0024726605368831783
2021-10-09,,,,,0.039018902838405284,0.01837727820987157,0.013538861809300678,0.03540701928161776,,,,,,,,
2021-10-10,,,,,-0.039372271971353526,-0.004378084663829565,-0.034065812075627616,-0.036200420076996226,,,,,,,,
2021-10-11,-0.008973806475380097,-0.008590568281439953,-0.004006559743264121,-0.008683863104210503,0.01616616745924252,0.047749058943500615,0.006916803523223131,0.018902964062008858,-0.004783810819609661,-0.008590572005847117,-0.00378786421937336,-0.0075072369018757724,-0.008785225215326688,-0.007971146190787544,-0.004084876506716065,-0.008457953652130548
2021-10-12,-0.0007657505468342874,-0.0005738311071230641,0.011846465204636922,0.00042657382960325824,-0.02450992776943369,-0.025109745563762022,-0.022152149156621097,-0.024362799111196706,-0.004723113417267521,-0.0005738330516340739,0.011266426639660631,-0.0005507767964625337,-0.0007135201352025612,-0.00030544636034485976,0.011415410939554204,0.00042172478637096986
2021-10-13,0.0032749128553063644,0.0007284989106800541,0.009948954160002082,0.00381441046925088,0.03190285056564601,0.024526163393105486,0.029983848805759255,0.031102276078270107,0.008046235807029638,0.0007284978100549608,0.011418741986688427,0.004900902789422646,0.003486932792195906,0.0008912262123247843,0.009859999730039141,0.003956179792521135
2021-10-14,0.012783921551769493,0.009194796345025642,0.020982831965598282,0.012506432396617839,0.008162714258494455,-0.0015980372802385024,0.00995392344684862,0.008239236725964907,0.012013720336223652,0.00919479228772762,0.020408029992231035,0.01225045906304408,0.01277038233139578,0.009200020462754106,0.021024717290219402,0.012429526834206606
2021-10-15,0.0047869773089702266,-0.0004409791149281368,-0.0029402489285541666,0.002638433612944191,0.021102700113018333,0.07293172674495764,0.02016438739062519,0.025913618449988136,0.007506264442978245,-0.0004409758068790806,-0.003376772874773947,0.0035430479627384945,0.004709161392254852,-0.0002436606945296857,-0.002830403762352341,0.002589021994987749
2021-10-16,,,,,0.002720576167623345,-0.011549979834468985,-0.01288081965198069,0.0006299049579244478,,,,,,,,
2021-10-17,,,,,-0.015497446977474582,0.010258693648013491,-0.0061632109655560185,-0.012237821264513015,,,,,,,,
2021-10-18,0.00027362495568025166,-0.0018846391648266471,0.0056555830860065635,-0.0011672333651562541,-0.005306693572157262,0.007054365978019358,-0.01522500837071255,-0.004810757864766922,-0.0006564281322926671,-0.0018846343650775566,0.0048089820136123914,-0.0014060533305852484,0.0003490196013019164,-0.0014463902727695538,0.005496941033949893,-0.0011058682738970215
2021-10-19,0.009805851901735373,0.013360312566774134,0.0012649405711846475,0.01080327090414276,0.012977207830322194,0.0347677605296574,0.0071537890480966185,0.015453920130078272,0.010334411223166511,0.01336031180772151,0.0003084957745859982,0.010948919795860644,0.009742515269832852,0.013494186223871621,0.001535188499413655,0.010775934384111936
2021-10-20,0.00885848761322351,0.010171377556001877,0.0021544351695138826,0.009886556091560113,0.051224364064108824,0.027159463064883784,0.045374879632933296,0.0497007519780358,0.015919467021704395,0.010171380239513396,0.0033097931756895876,0.011526360682374422,0.008772513623046322,0.010147636646407323,0.002175174333286102,0.009830253654115923
2021-10-21,0.0007577563531104439,0.005196652294238897,-0.0021132353167972024,0.00317277349364946,-0.034430299987499836,-0.05629072887300488,-0.0221788165270348,-0.03593590699411705,-0.005106919703657935,0.005196655643452277,-0.0033311048088563856,0.0015520290393184948,0.0013129698210785608,0.005419624388696402,-0.001556948822588448,0.0036508630370245005
2021-10-22,0.0012181275672072393,0.002029279073422773,0.011466969976115274,0.0016319913769437815,-0.009454713940141793,-0.02343319307837211,-0.0033921455833846722,-0.010811764532908325,-0.0005606793506842661,0.0020292740791678695,0.011586062858944925,0.0011525823349288504,0.0011684637759359975,0.0023333679781485784,0.011274646515218447,0.001666040555658682
2021-10-23,,,,,0.019371535732781185,0.011387113872761635,0.019851857030088602,0.01940616166392563,,,,,,,,
2021-10-24,,,,,-0.014741306991866012,-0.00790752162198795,-0.019033640517868548,-0.014718758853740025,,,,,,,,
2021-10-25,0.0061577379699742085,0.004718535640125613,0.010622752196577585,0.004550976412718355,0.018419186895322202,0.03387565562968373,0.016011909565446826,0.020000777728906183,0.00820131279086554,0.004718538103048805,0.00895636120472544,0.00511847400049354,0.006184827413387581,0.004925844972252767,0.010588668619963243,0.00460993863313947
2021-10-26,0.005035039278010809,-0.0003797713238600365,0.01119184760365881,0.004795946357563296,-0.012946919667983725,-0.041266003905111,-0.011114152149857665,-0.014775552050243604,0.0020380461203450533,-0.00037977728134056633,0.008502719443729165,0.003962863365742122,0.005115953170992209,-0.0001735500780808839,0.011888806959158548,0.004858035130770717
2021-10-27,-0.016021570019775676,-0.011193494265217034,-0.01797771883108464,-0.013190212540254083,-0.09185131642847817,-0.03336728364247754,-0.08699322074038864,-0.08588388212699498,-0.028659861087892754,-0.01119349120759453,-0.022835016098394487,-0.016336029600909924,-0.015838053142431596,-0.011240871986520863,-0.017728111935124153,-0.01308936558965534
2021-10-28,0.008177747360443858,0.018751194146107302,0.01940410069404434,0.008649847423944262,0.056729009743049105,0.036665018370510664,0.05610970793318784,0.05576317265117528,0.016269624424211402,0.018751202859851178,0.022763758442669695,0.010759939867113471,0.008121680484506977,0.018189003456366978,0.019155288829519498,0.008546059004151991
2021-10-29,-0.0029640878507516404,-0.0024981518718442783,0.0006224450149937425,-0.0029179181821272046,0.029088612824405093,0.02606176023131497,0.018907608682327656,0.02888364628678002,0.0023780289284411485,-0.002498178952285907,0.0010583124682836996,-0.001748918268459307,-0.002800041011947929,-0.0025401251260838663,0.0005567206033228005,-0.00277163441895041
2021-10-30,,,,,-0.010681812392085377,-0.006094334624787007,-0.023141556747687267,-0.010804850538016053,,,,,,,,
2021-10-31,,,,,0.014693243654273571,-0.008590359868856437,0.00010831588262704802,0.011445419156087024,,,,,,,,
2021-11-01,0.007461175731891199,0.00556065010582766,0.004021013200224957,0.005595068967035801,-0.004326641926342823,-0.00524844561785676,-0.0009420435606777152,-0.0036268616306255126,0.00549653945551886,0.005560651376588312,0.004295448043151138,0.005167097141297133,0.007574875053844383,0.005823184725949907,0.0041688112350270964,0.0057477437019409945
2021-11-02,0.004540063787491218,0.004679013281220838,0.010437718903681063,0.004812372602668763,0.033065335844914154,0.035222302663410726,0.03354271214786231,0.034032032109552815,0.009294275797061706,0.004679010562063777,0.010938062057837587,0.0059468956994806355,0.004547732676699405,0.004791893482946001,0.010330907571295898,0.004860248057569798
2021-11-03,0.005006007983429447,0.00019584694016745594,-0.004042099609630456,0.004658352108901819,0.01674063604824131,-0.0016538550112349002,0.024427411312785578,0.015048153287899418,0.006961779327564759,0.00019586840522941266,-0.00322052134754276,0.004896404126295495,0.005160005753261348,0.00027648689545158115,-0.003626555856672823,0.00479717212378635
2021-11-04,0.004566805541999331,0.0004526298998472153,0.005483801950258298,0.0038104480241356402,-0.02555910524069758,-0.024768477368371122,-0.027549284742416344,-0.025229028534886556,-0.00045417958845015447,0.0004526406672496023,0.0019774062015194315,0.002358231827018821,0.0050913093956592844,0.0008870279813268586,0.005709863128968,0.004204351857194195
2021-11-05,0.004317548129979447,-0.011827640752381149,-0.01500693968554154,7.77345523757411e-05,-0.010200996638369953,-0.005031789926510298,-0.005344459700962401,-0.009441802604932796,0.00189779066858788,-0.011827659448036185,-0.014118258376618106,-0.0002109631245748051,0.004297262350401138,-0.012171321814241238,-0.014698853803141617,1.549579775246302e-05
2021-11-06,,,,,-0.004239194414665415,0.006747923105718907,0.007763303122688628,-0.0028688824350461724,,,,,,,,
2021-11-07,,,,,0.023886360748030924,0.028226261798679316,0.015258772913558271,0.023711524814014954,,,,,,,,
2021-11-08,0.0037433371955652994,0.001512829513153751,0.01055198334889488,0.0017048559668273683,0.060246401128590546,0.06618572727057695,0.04708283563055765,0.061025400604591905,0.013160514517736175,0.0015128459539093812,0.011199733828888052,0.003731036101105339,0.004273789364085619,0.0022082451580190433,0.010856249080069628,0.0022029530689377974
2021-11-09,-0.0007145187867039059,0.0005863492379370619,-0.002544596057036712,0.00039618724816269904,0.058033521566359034,-0.005080345842084134,0.03200276966763099,0.052061816308862134,0.009076821272139917,0.0005863489396576208,0.00024511993330134487,0.002391924938781628,-0.000813248160987771,0.0005970207104379871,-0.0027196932363653865,0.00031548429008151674
2021-11-10,-0.007127343452293766,0.0008838799740809795,-0.006338791974188384,-0.0034972022587846097,-0.052120905365666895,-0.031684061065178834,-0.050386081138376844,-0.04929774734508982,-0.014626270437855955,0.0008838777184283376,-0.008175366365412037,-0.005079725384814007,-0.007326161174150398,0.0005249310879446445,-0.0063956099516400315,-0.0037142651613652562
2021-11-11,0.0010659591267172446,0.0022945465176102227,0.007533309995227704,0.0006269048561108582,0.011579788077556885,-0.0010290260010982141,0.005028290846432046,0.010555766303375024,0.002818263951857184,0.0022945471989505107,0.006862892489295979,0.00089014461619744,0.0013263201141101018,0.0028286582324565774,0.007598983858097537,0.0009406514593027969
2021-11-12,0.002158136556547572,0.0023298946484221093,0.0035159812864280536,0.0023152658845785414,-0.021045339029769496,-0.012547728085871582,-0.016790840692475203,-0.020262374963016222,-0.0017091093745052724,0.002329901769264288,0.002672389675766704,0.0014226942935072445,0.0021694033904993393,0.0025037683733497933,0.0035177695788496622,0.002331178360242665
2021-11-13,,,,,0.012155992174102794,0.004826490598465287,0.0015850828954420545,0.01151639215828859,,,,,,,,
2021-11-14,,,,,0.011670347080749634,0.014458196285338207,-0.004832186062504382,0.0126708682846056,,,,,,,,
2021-11-15,-0.000857079697434908,-0.0024556697280980417,0.0024163418061525052,-0.0016708414338535982,-0.014913367152786263,-0.028367721145949317,-0.01493106825271647,-0.015458635622568388,-0.0031997942733268006,-0.002455676340168257,0.0026190298191372655,-0.002100460282343711,-0.0008642156396278759,-0.002587366918274935,0.002385632902885223,-0.0016977752718711505
2021-11-16,-4.3818578374865274e-05,-0.0050130024573983335,-0.0027162744277066638,-0.0010325038324378469,-0.0853953676242598,-0.05415853244892382,-0.07089649131576087,-0.08322206877087981,-0.014269076752689023,-0.005012990765929707,-0.006316191712798808,-0.004336806602844765,0.00030672487541059186,-0.0045956140471136615,-0.0027202039410495946,-0.0007704392394541563
2021-11-17,-0.006410498431443284,-0.0028180723855808737,-0.0074855528859424664,-0.0045378046980928816,0.005029029807759611,0.003232116567488847,0.007287369480613212,0.005115624328081428,-0.004503910391576134,-0.0028180798058649367,-0.005340971393456218,-0.004031108306954576,-0.0064069673124767775,-0.0027140566494533733,-0.007457882020238584,-0.00454801118754579
2021-11-18,-0.0012952494090488886,-0.0019544927996812474,0.008728085640158756,-0.0018781348645510617,-0.06659550799716892,-0.05626618713600731,-0.05605112394895491,-0.06660949964648252,-0.012178625840402225,-0.001954493566453066,0.005842489720267323,-0.004525109997751175,-0.0012039196501999246,-0.0019343077679669577,0.00890354402900952,-0.0018268635064719306
2021-11-19,-0.008108011963673636,-0.008024441192295633,-0.008136488566571346,-0.005971184345638011,0.050189937841265554,0.021719449640368215,0.055676619412116796,0.048421753684496284,0.0016083130038162296,-0.008024439647379603,-0.007414517908630056,-0.003946524766630343,-0.0081462770281388,-0.008199925041167417,-0.008117270507438778,-0.0060683800875217485
2021-11-20,,,,,0.01576936969310213,0.027304336840182148,0.02657011766041209,0.01765471583934474,,,,,,,,
2021-11-21,,,,,-0.01876418665940255,-0.017442113920871038,-0.03461222866646455,-0.018909088607416975,,,,,,,,
2021-11-22,0.0021290502357046793,0.003936091830670561,0.00395730146824305,-3.822243034727301e-05,-0.036598052294896724,-0.04122582466166656,-0.038326782494383684,-0.03767711361027958,-0.004325466852728888,0.003936096414159784,0.0020899784393245678,-0.0013329704516649359,0.0019295196320754551,0.0032823199224478556,0.00416578847093815,-0.00027725351530034036
2021-11-23,0.007614035389942484,0.006657770550949372,0.011458912254215529,0.006262055653331991,0.02241482154078316,0.020971409060654984,0.021311909582779426,0.02293098777004366,0.010080833081749263,0.006657757747523712,0.011563355845916855,0.006999096011840625,0.00757605612601806,0.006641580307291123,0.011494067202015571,0.006290094728751834
2021-11-24,0.0015933253638177255,-0.0008812518135279363,0.005376205010491275,0.0014134576644113655,-0.024994581710023545,-0.023055356194573166,-0.029558546783394233,-0.024965297570795374,-0.002837992481822486,-0.0008812559350556097,0.005156255031843232,0.00037237177937968956,0.001847245959372857,-0.0005757609420432917,0.005604766302339373,0.001614256132478145
2021-11-25,,,,,0.009420096135543754,0.015851327962621557,-0.006007833142020353,0.009600811890237993,,,,,,,,
2021-11-26,-0.02190708025971444,-0.014619611435363335,-0.028079766782433797,-0.018166823219148323,-0.06649545894871833,-0.06514687245027859,-0.06373546943248262,-0.06669844676600484,-0.029338476707881755,-0.014619611821696389,-0.03145102338889564,-0.020146298809090614,-0.02213151297312838,-0.014801451235049256,-0.0285496118547056,-0.01843727008924269
2021-11-27,,,,,0.01136172499470266,0.022696123788396746,0.01367153001523018,0.012394257663311542,,,,,,,,
2021-11-28,,,,,0.021529982658934313,0.043724291658013115,0.036991527946478656,0.02429630059299865,,,,,,,,
2021-11-29,0.0071002398395622725,-0.0006713995862178846,0.014351349094194523,0.006736858040674209,0.017998706153176246,0.009574873238828595,0.0191358504011358,0.01784711465034724,0.008916650891831267,-0.000671403784552137,0.015287324775313435,0.0071188330970817166,0.007339681573420275,-0.0004718309740708909,0.014611968534020883,0.006875237137331857
2021-11-30,-0.022736652197169208,-0.022757789155669117,-0.020097458481334853,-0.02248168634530348,0.0029870595108775207,-0.014642518856747718,0.009445634694659137,0.0023242015110467432,-0.018449366912494755,-0.022757792960178148,-0.0200261552917931,-0.02169588743126587,-0.02276271705172545,-0.022814746873544168,-0.020206462816218674,-0.02250041049324056
2021-12-01,-0.013137975243081345,-0.012133649129694954,-0.0104934982377323,-0.01191816870921597,-0.004816033852340695,0.003513258391391137,-0.007770206442192223,-0.004103608036651867,-0.011750985011291237,-0.012133649222427113,-0.010655330888584988,-0.011545756160307317,-0.012967122474051579,-0.011844856586205422,-0.01083639233376511,-0.011717817700292009
2021-12-02,0.021514026022957156,0.014593553386456619,0.025151737990700966,0.019519237081370246,0.0029771478098470144,-0.00713485285511605,0.03072340100114068,0.002950769208119636,0.018424546320772135,0.014593547924313013,0.027308786048491154,0.019006377538550483,0.021398509535660852,0.014395800896465485,0.024892952841307166,0.019428352887981778
2021-12-03,-0.0009151530011433471,0.009278815005228275,-0.007260214245780699,0.001814798588925815,-0.054804135310390995,-0.053042419820715565,-0.0726910767747991,-0.05554472886799488,-0.00989665005268462,0.009278800183293684,-0.009920004214534348,-0.00013870837518393283,-0.0010837081446104545,0.008854485949974119,-0.007756700452677654,0.0015603249313963
2021-12-04,,,,,-0.09966679308991833,-0.08230492896052197,-0.06098473313640168,-0.09553797525102498,,,,,,,,
2021-12-05,,,,,-0.025153555791845417,0.0017660053427722138,-0.003989125239393557,-0.022077238998824952,,,,,,,,
2021-12-06,0.013552429844853974,0.009910494498810147,0.005540307246547157,0.012981342911970374,0.040040442806494346,0.02506685737523755,0.033787096718173065,0.038398369638853375,0.017967098671794034,0.009910496490593829,0.006465964894425462,0.01398383585152405,0.013415059625837302,0.009837001819106026,0.00496277518487586,0.012923833351418328
2021-12-07,0.014952137327276696,0.003227859791818204,0.02030096602230756,0.011811104380723983,-0.005612405331474191,0.0007001544042218007,-0.015513143836088376,-0.0049791763892863515,0.011524713550818215,0.003227862164547395,0.018991165565798097,0.011142671007947852,0.015096819230801773,0.0034162768720782683,0.020933561302497666,0.012026548504042172
2021-12-08,-0.0005769049565259764,0.0007076368416786423,-0.0011168069410450545,8.136689389642778e-05,0.03731739189615066,-0.003119992140974908,0.02231480744643977,0.03252451461879659,0.005738811185586795,0.0007076317831342012,-0.0006278238841755095,0.001336714955986104,-0.000492739175319054,0.0007460132775861897,-0.00130905527170638,0.00013158036833275856
2021-12-09,-0.006819833181712462,-0.003969126561429514,-0.006584712229330339,-0.005810805778431219,-0.06974011815598744,-0.05708793411132394,-0.07490795575140619,-0.06830418969111464,-0.017306547344091622,-0.003969128300131034,-0.008369952625975676,-0.007926022464628958,-0.006802010357560909,-0.003958105849485125,-0.006990880208117487,-0.005802030057830603
2021-12-10,0.005428423454781843,0.007800017468651104,0.005473476791941953,0.0060000894207104406,-0.03764782144196946,-0.011567638229152842,-0.05211084896305997,-0.03566528270392662,-0.0017509506946767062,0.007800026624197362,0.00449893061772189,0.0044848469984142365,0.0051432405215455935,0.007898312587587083,0.005284320236698983,0.005775538755259122
2021-12-11,,,,,0.062185845911676044,0.04845637423575652,0.07211281872330239,0.06074992293318878,,,,,,,,
2021-12-12,,,,,0.0005450006496776847,0.013915291559811416,0.003800702659072883,0.002011374783941881,,,,,,,,
2021-12-13,-0.006038152907783944,0.004455210213712228,-0.004477772906389605,-0.0010196595600617964,-0.08065923921980626,-0.06824302602875411,-0.08867098492013428,-0.07992476766429636,-0.018475000626454335,0.004455212876016541,-0.006674367493332309,-0.0038492286993067936,-0.00596167307469561,0.00457412104338372,-0.00528564085811032,-0.0010769690441797904
2021-12-14,-0.0019345036185553586,-0.0004471843488448508,0.0032227822923676197,-0.002446973298554627,0.011911581619101387,-0.0026405814938067333,-0.0048965135521171965,0.009579046282919926,0.00037317725438743184,-0.0004471985593478669,0.00308475596237498,-0.0019472753765768585,-0.0017395972140664938,-0.00039613409899914224,0.0032963998023114453,-0.0023008354073723028
2021-12-15,0.008657972774681654,0.01320848897260352,0.01846392021745664,0.010368547005309309,0.04872903431115066,0.050177739041924796,0.06938209026920905,0.04970001273614569,0.01533648303075982,0.01320848678958376,0.021030862333130135,0.011692993998765232,0.009053807081287966,0.013520110117106972,0.019324451159410394,0.010608028255561286
2021-12-16,0.004803852555990486,0.011666719734982253,0.0009622390543285327,0.006195644353474672,-0.03275391370957651,-0.02662425295735246,-0.030664462996114795,-0.03184763213667625,-0.0014557751549373467,0.011666690268428311,-0.0006313132764856537,0.005030661352496644,0.004570380450839767,0.011221555093412808,-5.11927389061099e-05,0.006014171308503451
2021-12-17,-0.012437317144134916,-0.011489105139752202,-0.011099538410356453,-0.011364463505318416,-0.024771957522853386,-0.030003883125549077,-0.019698117659928745,-0.025613654503832305,-0.014493090540587995,-0.011489114837900098,-0.012057296744583319,-0.011926725368536386,-0.012410502111944055,-0.011334948250082827,-0.010974926886436424,-0.011309182059636585
2021-12-18,,,,,0.020225622720911683,0.014221430160261516,0.019985498009954847,0.01965958285055729,,,,,,,,
2021-12-19,,,,,-0.002246589268154565,-0.0027917020430417347,-0.004831667226568568,-0.002101231849849768,,,,,,,,
2021-12-20,-0.008131606148534013,0.0021978597277825035,-0.004894971018589349,-0.004838014302595848,0.0027239347357453153,0.0032710769617822657,-0.0018893594099979223,0.0022963249923006993,-0.006322349334487459,0.0021978526614893166,-0.003735255832908601,-0.004490905544071335,-0.008043561474884707,0.0019281059434768729,-0.004663814090294793,-0.004959051035866763
2021-12-21,0.01462265780225411,0.004332520605667362,0.007953232919441314,0.01012604023078359,0.03319664389737751,0.043396606477739484,0.027046637620226244,0.03324416895093653,0.017718322151441344,0.004332528659906469,0.008259455175676413,0.010891340676107683,0.014497533606017405,0.004138732655338397,0.008353544008093185,0.01012992247007094
2021-12-22,0.0059381861769704026,0.006120884262011016,0.009374142767189723,0.005881068201867219,0.005615825220858106,-0.004163404627240006,0.010718391152928724,0.004740666558497821,0.005884459350951685,0.006120885511608351,0.009670138383149274,0.005800699661546647,0.005934595872357844,0.00626843257946345,0.009395671723180824,0.005923950439731115
2021-12-23,0.005000741890955203,0.0019539006906401334,-0.00015112906172186697,0.0040230334855132005,0.05288152119073466,0.04760425541730677,0.06400136200453145,0.05264704210259939,0.01298087177425178,0.0019539040120231384,0.0021092197931130924,0.005713821175224465,0.005012482247858284,0.001824297700713041,-4.077217137706347e-05,0.003993290022824266
2021-12-24,,,,,-0.025854589725139758,-0.002055234852751036,-0.028557118971796486,-0.02387811030549256,,,,,,,,
2021-12-25,,,,,0.012088707351344343,-0.005167493892395489,0.02445429666824953,0.01075809109090736,,,,,,,,
2021-12-26,,,,,-0.0019257207082916453,0.007242925054805109,-0.002936470209083339,-0.001342874906655499,,,,,,,,
2021-12-27,0.012643323884424486,0.010463418845639262,0.018929698674528456,0.011916094187318321,0.006955401909512826,-0.0012325061884818915,0.010074976319932295,0.006246983548992146,0.011695336888605875,0.010463412641312522,0.019393427678333023,0.011646401893694805,0.012747471120020821,0.01078143791136561,0.019238836654266307,0.012071011055919354
2021-12-28,0.0017823302262577135,0.004221168046079702,-0.002612257389956377,0.0026690175237187525,-0.06626174340482956,-0.0608960849138377,-0.06560497435732594,-0.06537678604681729,-0.009558348712256833,0.004221163718583114,-0.003932883922989333,0.0002869817902010825,0.0017685965461064904,0.004202064564667137,-0.0028399318186473842,0.002644962513430063
2021-12-29,0.00038045048004864434,0.0005681207641611063,0.0011305537215965493,0.0013461249845931563,-0.02867247058178535,-0.025372806948525093,-0.04483020666403583,-0.028627648718744757,-0.004461703030257021,0.0005681184815995513,-5.73216743945506e-05,0.0003398121720959847,0.0004295817144957313,0.0006399770827833144,0.001030567007543648,0.0013971778367544738
2021-12-30,-0.001522675024277136,0.00031501500152807756,-0.004204691417484966,-0.000583375763446225,0.016974196767416676,0.016110101522116088,0.021834911921959622,0.017195434449676875,0.001560136941005165,0.00031501463094125943,-0.003643002946620272,3.9950428388785385e-05,-0.001625027230554749,8.453747599482161e-05,-0.004377162087611169,-0.0007250148156536081
2021-12-31,-0.001103778985073085,-0.0015703795339819082,0.00041423214511901235,-0.001059023577396236,-0.015267470914003978,-0.01910683721053866,-0.021873054049535524,-0.01579686789798942,-0.0034643943065615673,-0.0015703708368056488,0.00012227489347456036,-0.0015785486183917887,-0.0011270171577186404,-0.001676394928614743,0.00016017377801495736,-0.0010655694348869007
2022-01-01,,,,,0.029122690504778354,0.030532951519349837,0.03475834022793353,0.029176437146385487,,,,,,,,
2022-01-02,,,,,0.015540556191764499,-0.006903072724854859,0.008631946745445566,0.013493522505782504,,,,,,,,
2022-01-03,0.007893532580496581,0.001999747499815984,-0.007607899509978675,0.003788757199282935,-0.020728701930202723,-0.019485290817752233,-0.0293127985263654,-0.020692598282140255,0.003123160162046698,0.0019997295094848866,-0.008650242058079571,0.0027366332627563506,0.00802817322063381,0.002334758986025314,-0.007036609282404934,0.003919906014771633
2022-01-04,0.008287326862424099,-0.000757716816903754,0.0007613984998388016,0.004388981058789704,-0.011764087452726647,-0.01191108379332178,-0.0049683521016541205,-0.01126021064000917,0.00494542447656564,-0.0007577157316471582,0.0006858634482550304,0.003915747319017125,0.007976653282794108,-0.0008914412515704837,7.66526205259561e-05,0.004182725600694482
2022-01-05,-0.009811024567845612,-0.0018511017976872053,-0.008023177345310545,-0.00882473865757621,-0.06206812715046752,-0.05097168811155369,-0.06050299565238081,-0.061157177634628,-0.018520541664949264,-0.0018510963747349492,-0.008947290137058906,-0.010760753066959004,-0.009821625143488059,-0.0019559892505902777,-0.008491594157147701,-0.008793026830027573
2022-01-06,0.000596376931055134,-0.003990187355192206,0.002044385394365841,-0.0012148506294644215,-0.0008726027668847442,-0.007833891434252565,0.0037165683397352056,-0.0017953239489376415,0.0003515469813984873,-0.003990194434966106,0.0030827480182186616,-0.0011643499031592857,0.0006310719396012363,-0.003936406785536934,0.0019454182855430863,-0.0011878447620084303
2022-01-07,0.0013930725716407816,0.004408119842287377,-0.0142749060644957,0.0018203889651166325,-0.040404478130600344,-0.03769415889115612,-0.05042783160587884,-0.04107593298298707,-0.005573185878732739,0.004408111862450613,-0.01514901012484224,0.0002190488856108402,0.0012464645464065087,0.0044121022671440805,-0.01388837029758827,0.0017042382016148588
2022-01-08,,,,,-0.02093541927415324,0.003412356697324574,-0.02573851418997445,-0.019381770692780385,,,,,,,,
2022-01-09,,,,,0.00938373839620118,0.0037180103897760763,0.004172334362548661,0.008967874878745275,,,,,,,,
2022-01-10,-0.006524926800297903,-0.001391218772288915,0.0040026965461136535,-0.005958411411952512,-0.03018341787231781,-0.003416824373997835,-0.033528295790520066,-0.028285742256867467,-0.010468008645634555,-0.0013912442470581537,0.0034449204837122146,-0.00696817547782426,-0.006371207753894201,-0.0012123062786353453,0.003967776792541121,-0.005856908641734141
2022-01-11,0.010108670902059982,0.0039965129575244155,0.007328518014684811,0.006790336802561384,0.03416218451646136,0.022851411952281395,0.04754704936084605,0.03399120050639907,0.014117589837793544,0.003996523329336356,0.0082954898204838,0.007720849278657266,0.010087893250505927,0.004014951021042903,0.007183506910083545,0.006823245122206472
2022-01-12,0.002808856818174212,0.0013674383284587215,0.007605475699142401,0.0028291918344072443,0.05390506305509349,0.03086577731134521,0.06793024721976594,0.05285613017751128,0.01132489119099409,0.0013674272095685674,0.010109703281493231,0.004834528955610882,0.0026653791575009123,0.0010753529494297452,0.007013137574800863,0.00267948862562996
2022-01-13,-0.005023576980461088,-0.0021970325432340357,-0.013224390577179335,-0.0043975100606732905,-0.034351553179315694,-0.03170377550661045,-0.04290881809687482,-0.03451701731864755,-0.009911573013603521,-0.002197035845480662,-0.013594895242746504,-0.005395399609292401,-0.0050860183772726926,-0.0024394223581619343,-0.0131710431952065,-0.0044658313699145686
2022-01-14,0.0018072024404420662,-0.0023726041305796993,-0.0014578698743074204,-0.000461384332918432,0.025946966258798367,0.013124719545189224,0.036890738954113704,0.025130519706496546,0.005830496410168117,-0.002372629145057377,0.0004797578453810104,0.0004625487739676914,0.0018239754306215296,-0.0022709663159968347,-0.0012785497378987858,-0.0004242649041181331
2022-01-15,,,,,0.008994754628404667,0.0018825436569807079,0.00986549342389685,0.008327375042879455,,,,,,,,
2022-01-16,,,,,0.006503905118192477,0.0015085211344124563,0.034168259887926794,0.007311812359084151,,,,,,,,
2022-01-17,,,,,0.00046937886742684986,-0.014795947456399679,0.03583628726702523,0.0008725602301832541,,,,,,,,
2022-01-18,-0.010761970773172893,-0.008683933310632209,-0.01358350067256969,-0.00949941540899623,-0.015388287946141763,9.946568041229385e-05,-0.029611223499300083,-0.016250861860695846,-0.011533023635334368,-0.008683933269655853,-0.012560630822255678,-0.009579321668248918,-0.01103312764663212,-0.009110582318187087,-0.013687758376678278,-0.009751108478273486
2022-01-19,-0.006784420342637872,9.027410354208701e-05,-0.01203938976379008,-0.003985799151178876,-0.029012441761665654,-0.01727781498965694,-0.05119010864940149,-0.02820661492819222,-0.010489090579142503,9.02789746250081e-05,-0.012891445556930165,-0.004864018094394473,-0.00708390382322061,-0.0003780642816537459,-0.012055586225810056,-0.004316598446917101
2022-01-20,-0.011862060931541647,-0.011071692451583017,-0.016814870309245014,-0.010691203360721376,-0.04252286623358551,-0.02674864531585078,-0.051635563900258495,-0.0410200005471187,-0.01697219514854896,-0.011071700875363943,-0.017869269805877764,-0.01177411225792638,-0.011795519787858805,-0.011146361852947307,-0.016450615911451708,-0.010632820470280835
2022-01-21,-0.012930960558085396,-0.0048940678807514945,-0.010079050213105584,-0.009446476509517273,-0.115712541101666,-0.1039264514970038,-0.12018598174908518,-0.11563365448079621,-0.030061223982015495,-0.004894069266956411,-0.011817568310345774,-0.013349399063247487,-0.012875057097352692,-0.00487561283432121,-0.009442644478961268,-0.009412534321581989
2022-01-22,,,,,-0.05885921527965914,-0.03952573607327184,-0.05725615501513112,-0.05741981463065491,,,,,,,,
2022-01-23,,,,,0.03875242717376981,0.03615264440163128,0.05026269051039444,0.039034094171322836,,,,,,,,
2022-01-24,0.002307455792883595,-0.005013620132858266,-0.0006503614851590934,0.0007657224325642611,-0.02866215906522481,0.00835061993647138,-0.041701821329715116,-0.02655993294812092,-0.0028541466834678063,-0.005013627583258609,-0.0016910983185316902,-0.0003352854425456562,0.002147113717829714,-0.005140291476404011,-0.001050750260255205,0.0006406234942513193
2022-01-25,-0.0033894377559069416,-0.0049089648861990786,-0.0006730263269830621,-0.004927969463595552,0.0004887591135445126,0.007157490517156626,-0.007273100022469151,0.0008047408626010231,-0.002743071610998365,-0.004908966992464508,-0.0003385280424417788,-0.004489487326833304,-0.003791929928881725,-0.004921817776799604,-0.0008262423358316397,-0.005212129164136282
2022-01-26,-0.00884844116500199,-0.016258627767212798,-0.009912785635959147,-0.010886619683163151,0.005058996734153465,-0.0014997500426188436,0.019662358280959108,0.004908142111020993,-0.006530534848476082,-0.01625860779483744,-0.009223984812647945,-0.010330058387209046,-0.008838160463065231,-0.01641382859289506,-0.009987177943663737,-0.010917755512924262
2022-01-27,-0.003411783232470778,0.0004984957135923806,-0.0019680668677261952,-0.0027176131620479187,-0.008704446363619856,0.0063721903509725555,-0.02219211196269177,-0.008188490495825394,-0.004293893754328957,0.0004984853984342079,-0.002318677196711336,-0.00285750876518636,-0.0037096685355866924,0.00018256404072263443,-0.0025426667783986618,-0.002969144017069078
2022-01-28,0.0168862597049742,0.01563766890708826,0.03254743039509262,0.01767448613817224,0.025426408633765198,0.017033796276552066,0.024425418641815737,0.024907441630350965,0.0183096178597727,0.015637633225456048,0.0324100257744584,0.01803106925751297,0.017276521421075445,0.016124689258989015,0.032546339831414556,0.01805266521503772
2022-01-29,,,,,0.014763887792000531,0.009336439864149657,0.010743166699440762,0.01484450339795152,,,,,,,,
2022-01-30,,,,,-0.01730228000829739,-0.006299272452141121,-0.013083145943435202,-0.01633594705770363,,,,,,,,
2022-01-31,0.014021638256743596,0.008619081568601535,0.0010941102458995133,0.012762886350188272,0.014535726144460116,0.014895942917931136,0.02082399209288164,0.014981540014901951,0.014107319571363016,0.008619054533808889,0.0004349176068455624,0.012572972138985804,0.014176987076588309,0.008008044140926417,0.00015222489518259592,0.012832596239943409
2022-02-01,0.010950258432124882,-0.0021551826490934416,0.006699684652280121,0.006215830721882893,0.023033684182255224,0.007592170684456238,0.038671952303970164,0.02265020464220906,0.012964162723813273,-0.0021552424134824687,0.007342118850624759,0.006791501099743133,0.011337791325475268,-0.002201639753414159,0.005709874461127841,0.0065471970862421005
2022-02-02,0.009991702955684327,0.011241912482343575,0.027446200334303686,0.010261672930988919,-0.0392681340350189,-0.046468274841495044,-0.0377628929297114,-0.04031190420970367,0.0017817301239004546,0.011241941553117602,0.02685066207543145,0.008197169836201479,0.010063357484266969,0.011668591084965043,0.028496075232835646,0.010336599701212859
2022-02-03,-0.00951382855415483,-0.00588916792955355,-0.007835223272937897,-0.008533185712239558,0.015430349548788727,0.006094862765916563,0.04279409840077879,0.014187707427889131,-0.00535646553699757,-0.005889128919290838,-0.006327187312671453,-0.00753569397037409,-0.010260518880007624,-0.0057026392265562605,-0.007889668346918219,-0.009140579471361956
2022-02-04,-0.0009650934505631595,-0.003507278126852213,-0.0033055527381493145,-0.002769096135474995,0.08722734863520698,0.11571806705310154,0.06973099030839305,0.08990936757878351,0.013733646897065199,-0.003507287257256502,-0.0022551154720623105,0.0006862644578537157,-0.0012913453882348722,-0.004445549481578822,-0.003700250496370693,-0.0032438158845219354
2022-02-05,,,,,0.009422977778614994,-0.0016142147493935523,-0.00790231818365595,0.008745593071405313,,,,,,,,
2022-02-06,,,,,0.02460039905956177,0.02319212659170445,0.01536170246681895,0.02451778181465498,,,,,,,,
2022-02-07,0.0023266470700742483,-0.001271279487257913,0.004597471582568461,0.001106283284662225,0.07049951598030699,0.034038547889699025,0.06793266273016395,0.06633465141145735,0.013688791888446367,-0.0012712742929786938,0.006264682287275125,0.0037494587606629907,0.002363294827916227,-0.0012661706235077635,0.004478686700460774,0.001125934094887842
2022-02-08,0.004025120961881328,-0.0010051418302469077,0.0023133515076090077,0.0033388405791207492,-0.0025026088809162687,0.005689232922978938,-0.016032855825390862,-0.001865739421077174,0.0029371659880817287,-0.001005139666104114,0.0014722516431287234,0.0030408619650812737,0.004200265466018651,-0.0006908238836979302,0.0018823083994853433,0.003591571839305324
2022-02-09,0.0126067933136182,0.0063592672761593055,0.01953633139408704,0.010326996952003207,0.019764412626272824,0.005254045203305458,0.032910451928069136,0.018837492828079828,0.013799729865727303,0.006359278581258734,0.019597388145803078,0.010446825286939337,0.012531280893938816,0.006715335595752878,0.01911826573893052,0.010268458336628651
2022-02-10,-0.016922118858680186,-0.01760394805150222,-0.018880414107609045,-0.018011094434270968,-0.026291180600430487,-0.017988410326451067,-0.009851957625662242,-0.02669891939964248,-0.018483629148971902,-0.01760395274706134,-0.018094452088806362,-0.018334024380676366,-0.01709257485336678,-0.01814868517361166,-0.019246776488552036,-0.01816975352898946
2022-02-11,-0.010206802133622505,-0.0028721460263661813,-0.005480339289244064,-0.008517043402989413,-0.05987846010561804,-0.027642022305618266,-0.05702763435692964,-0.05773258352293209,-0.01848541179562176,-0.0028721412791353203,-0.0052845152961248434,-0.010106353506626907,-0.010236965634139708,-0.0026283165194054335,-0.0047502429625803306,-0.008425797418370627
2022-02-12,,,,,0.004881581624613972,-0.004353715685202595,-0.02619400300981771,0.004112306815124786,,,,,,,,
2022-02-13,,,,,-0.0009595511905362893,-0.0014288762156426055,0.009683152756054475,-0.0018812532940586273,,,,,,,,
2022-02-14,-0.006341009055696149,-0.007722415380661422,-0.006942893268263695,-0.0060784719564183015,-0.004873680716226226,0.009078937712483455,-0.01657770590905768,-0.0028556267702587596,-0.0060964543324511615,-0.007722409903453457,-0.007701488315364332,-0.0060682237580589275,-0.006341391679861979,-0.007747893633660243,-0.007029425151257263,-0.006084790023508392
2022-02-15,0.0104701416520558,0.002407821258421714,0.001223490756092791,0.0077196189844266575,0.05531791979116257,0.04692417680226403,0.060057780846623554,0.05510498483281031,0.017944771341906928,0.002407817802582409,0.0009963947004404054,0.009210836765521951,0.010526511723769328,0.0018120865447525964,-0.0002233084358874265,0.007623003756394406
2022-02-16,-0.0004521061122067474,-0.0021393464013909347,0.001674850042832028,-0.0008723442326633934,-0.01540312500919441,-0.013959103295228321,-0.02725987862041348,-0.015533497014164897,-0.0029439425950380242,-0.0021393291154969143,0.0011567367951903244,-0.0013904053089803738,-0.00029881277286920047,-0.001902039372125314,0.0017235783966309533,-0.0006815214908158271
2022-02-17,-0.01523585324930586,-0.006591417246589,-0.013933882985919754,-0.012304693874153436,-0.07783500010761192,-0.07734577274696713,-0.07429387914329769,-0.07730194242264628,-0.02566904439235687,-0.006591437774446202,-0.014532351772460206,-0.014600980360847659,-0.01528082004788655,-0.006805682585114476,-0.01399320839756826,-0.012294174473071967
2022-02-18,-0.008409016441980766,-0.005481213711795585,-0.008626569100666184,-0.007247293303132811,-0.007808763498197359,-0.01280234452571277,-0.017380779602603844,-0.008833075577254526,-0.00830897428468353,-0.005481209456693406,-0.008610215097682223,-0.007172925781748835,-0.008462595303311239,-0.005479224800250823,-0.008701216518563764,-0.007270459241433111
2022-02-19,,,,,0.005728448292466137,0.0022271828366139763,-0.004371614944079383,0.005404865380630562,,,,,,,,
2022-02-20,,,,,-0.04326270437002942,-0.04282455948264417,-0.05637343426227496,-0.043658917456274274,,,,,,,,
2022-02-21,,,,,-0.0626345494325867,-0.036627797520874715,-0.08321229754884268,-0.05992409353013797,,,,,,,,
2022-02-22,-0.006636163123505223,-0.003721647913715115,-0.007022846570260243,-0.005303367534607561,0.039267972983908536,0.032752627360001514,0.050358718646462394,0.038222249924783,0.001014526227730404,-0.0037216390597225295,-0.0056778168664849814,-0.003513356381957989,-0.006463164074360275,-0.0034137779881016233,-0.006707969133054846,-0.005117628904286003
2022-02-23,-0.011444759515712766,-0.0033623144199623855,0.010102242466624705,-0.010191126166266074,-0.020894244531552655,-0.025738345954433344,-0.013976988164349018,-0.021247118273393786,-0.013019673685019413,-0.0033623013722815067,0.011206609303783035,-0.010504454683493149,-0.011397508286912255,-0.0024641375001837277,0.012367455054259742,-0.010024083588266461
2022-02-24,0.00664616201331293,-0.0008397365408550452,0.0005071927262902118,0.0052255761746918,0.0018385094903915378,0.026402569041215233,-0.00917953076767538,0.003401330882393656,0.005844886592826033,-0.0008397539773106036,-0.0004554501871954773,0.004837114802051098,0.00641378426511127,-0.0010949004688057657,-0.0005007948265001342,0.004981857811961355
2022-02-25,0.025427521482620962,0.026357418009377426,0.03504174534581497,0.02560778611776454,0.0426568023198654,0.023876244983574074,0.053232376852684046,0.0416929747420203,0.028299068288828364,0.026357426347209854,0.03533103782242988,0.026318302862273255,0.02566156455439613,0.026728067889586236,0.03456659662993052,0.025862307363762826
2022-02-26,,,,,0.002904508069891176,-0.003035489650687028,0.008661376013857837,0.0020121027268397607,,,,,,,,
2022-02-27,,,,,-0.04140870790385846,-0.035611437170911614,-0.042397206098416906,-0.04144277214629699,,,,,,,,
2022-02-28,-0.002195598379704531,-0.007423229028037093,-0.006066642194407036,-0.004257357748537477,0.1008640657054067,0.1454118392886453,0.09903400837332792,0.10410758953737342,0.014981012301147338,-0.007423225035800171,-0.004141274472050419,0.00019453803734177763,-0.002223330630647758,-0.007376331376839396,-0.005382867196031158,-0.004264405444578646
2022-03-01,-0.012896231197349312,-0.0014833971612515959,0.0044867952738843,-0.00987972987913087,0.0031196221938872945,0.02688852457000064,0.008112815512314218,0.0051763650865725,-0.010226922298809876,-0.0014833943413815156,0.004943265730937053,-0.009078684609552102,-0.012897685750382802,-0.001433204611457898,0.004716686650136693,-0.009895948746796546
2022-03-02,0.019780619392027854,0.011650457937583222,0.019232681019353142,0.01716706116005423,-0.018961438742063776,-0.009706302725009459,-0.02103384230078584,-0.018025515716507286,0.01332360970301258,0.011650456156853502,0.01809163599861036,0.01566750570367814,0.019739449427693515,0.011735374337637716,0.019050337224582714,0.017173696209288485
2022-03-03,-0.0008418490610408497,0.008541474362203115,0.0072192655377735174,0.002585148104118191,-0.01945143008743081,-0.0335198114219355,0.001484396357718543,-0.021323318792004706,-0.003943445898772509,0.008541473942026877,0.007826886751507124,0.0018808601264024675,-0.0008312402864167405,0.00845187342323304,0.006976528378596025,0.0025636165350610553
2022-03-04,0.0018169686926337767,0.0062385512248210335,0.008644924214938836,0.003856335703248774,-0.0696371325993718,-0.07806935036049134,-0.07763113295522733,-0.06989710867646623,-0.010092048189367153,0.0062385507102971395,0.007034266451294792,0.0011428495436041084,0.001700321333590116,0.006049866310432198,0.00893079791217313,0.0037480645898277758
2022-03-05,,,,,0.0252353977196617,0.006719380646830773,0.02186177361487581,0.02412527012686061,,,,,,,,
2022-03-06,,,,,-0.036850288741983914,-0.024887994408395554,-0.042272710718101306,-0.03610941694978277,,,,,,,,
2022-03-07,-0.01776749892036473,-0.00887185257286795,-0.01132368604909978,-0.013667342341961845,-0.01777702786344355,-0.009316643885282843,-0.01453520350568548,-0.017521556815434453,-0.017769087077544526,-0.008871853520746818,-0.011062880946716884,-0.013571191230068357,-0.017589275062746122,-0.009025377557238232,-0.011055245589738113,-0.013580590688969926
2022-03-08,-0.004451663647359793,-0.013624422060340726,-0.022113986251309573,-0.007806917039001217,0.019149664845266434,0.01774025999083313,0.01696902198188066,0.019224081096027364,-0.0005181088985887563,-0.013624427275690715,-0.021932213156998562,-0.006753465353742392,-0.00445938332929047,-0.013513310858902245,-0.0222340888301248,-0.007794634923307518
2022-03-09,0.015019626125899074,0.004325720189425891,0.009728758814964336,0.011806647564041033,0.06142501332371159,0.08378639716414843,0.05643550649538016,0.06275245984573663,0.02275385732553449,0.004325722032477945,0.009751236078942491,0.013556772883337388,0.014654535843678576,0.004155348389013724,0.009151054355728936,0.011538575280284312
2022-03-10,-0.0008810613935192377,0.0019497800329761148,0.005545492109260224,-0.0003748509590146225,-0.04529719373610162,-0.06063095404577102,-0.04669735671223889,-0.04617652947427733,-0.008283750117282968,0.0019497788811233304,0.00455872287096844,-0.0021207908874836838,-0.0007371707864340095,0.001886910884221426,0.0059076917595291,-0.0002776159003375541
2022-03-11,-0.008321164119682882,-0.005136002447494017,-0.006432287899736488,-0.0076992567524979275,0.00725138935331222,-0.016291319622939237,0.011754113327318603,0.0049090914688076255,-0.005725738540850366,-0.005136003716690867,-0.006378671719628206,-0.0070665267199907485,-0.008259953438757388,-0.0050819011536171405,-0.006501312485873292,-0.007659933051159105
2022-03-12,,,,,-0.0003131008534325579,0.0028106492938183834,-0.0075594231258900545,0.0002186846026020449,,,,,,,,
2022-03-13,,,,,-0.026829848389654964,-0.027101257933814606,-0.03139112730335552,-0.026136767377289753,,,,,,,,
2022-03-14,-0.009521426509802984,-0.004592867446089316,-0.00864555989072917,-0.007695307068780235,0.025832757715324072,0.04800808379037326,0.021274220691631967,0.02706753545343073,-0.003629062472281808,-0.004592872125013913,-0.007493545957097508,-0.006120675930229482,-0.009484741597316795,-0.0046742452664540485,-0.008672583176809136,-0.007693322562914908
2022-03-15,0.009821014009503295,0.007007325486754645,0.008285822134904813,0.009484673552697314,0.002887432540878421,-0.008268101563720782,-0.0013104250737858499,0.0023984320315176577,0.008665417098065818,0.007007329486631244,0.00710788972962463,0.00891787090053704,0.009953159333143918,0.006952775239233395,0.00796708824221584,0.009607065055033519
2022-03-16,0.01583014592972459,0.006344987665579198,0.006422527732834742,0.01279842300192121,0.041546730983816206,0.045887144813448896,0.05250790153959846,0.041797937100339314,0.020116243438739863,0.006344987921248271,0.00687992321060533,0.013660265078396688,0.0157524864162516,0.006347497928834768,0.0062417319931202244,0.012781909289613624
2022-03-17,0.014569366617528789,0.011468893234481888,0.01872462623455228,0.013446916598359233,-0.0021367286149943324,-0.0046799317107646,-0.0011972252054372626,-0.0019021469284335119,0.011785017412108275,0.011468891112076086,0.01877714225493308,0.012912144245428482,0.014436994835220957,0.01151739395358506,0.019049284368742442,0.013380830695927482
2022-03-18,0.004900691902451892,0.0037542398658484077,0.0070403349106541,0.003696366350807434,0.02287071412696635,0.020750884742987363,0.030236260732172743,0.0230787242224083,0.007895695606537636,0.0037542400334783484,0.006839148490030998,0.004318519552713964,0.004835413653459637,0.00373114091971505,0.007018583882954232,0.003628564245522607
2022-03-19,,,,,0.04889256616829627,0.009317830622210053,0.1284855173388357,0.04366308377287136,,,,,,,,
2022-03-20,,,,,-0.0008807548129557868,-0.02234684871232274,0.06523175056091135,-0.004452685265263996,,,,,,,,
2022-03-21,0.003616403556229849,0.0021103408371480623,0.013731578738797615,0.0025029464765719016,0.023983811636451396,-0.00411726262455269,0.014962988037944323,0.021598225924785868,0.007010971569600106,0.0021103419413127183,0.013339198216797644,0.0033946146374304025,0.0035322994874764477,0.002189641484177952,0.013981731693236556,0.0024244446203592527
2022-03-22,0.0055469342443239394,0.004404610927824714,0.0030510867777079212,0.005202554494080819,0.06288462575961842,0.03118001416322491,0.12044858730706287,0.05805938060671034,0.015103216163539686,0.004404613376569347,0.00672484502243428,0.007327084258397868,0.00539791208601811,0.00439986277110902,0.002857916895400341,0.00510173697362538
2022-03-23,-0.009675333619606638,-0.009176319584401366,-0.0009850596526335693,-0.009023568557475293,0.012081167675711223,0.012610091153008828,-0.004859798235400442,0.014804798237300574,-0.006049250070386995,-0.0091763146984577,-0.001267080086526165,-0.007942377150402035,-0.009266688181915705,-0.009076050915962128,-0.000602269786820027,-0.008722569475844332
2022-03-24,0.010775713212324893,0.006624144946712142,0.018108445320651242,0.00912442035838896,0.02453322843609056,0.024898646221148037,0.04809873363431161,0.024421033572604584,0.013068632416285838,0.006624144799249143,0.018264992897520184,0.009540348381623367,0.010800877385741033,0.006615312812700309,0.017812572071104576,0.009139303526027298
2022-03-25,0.009012400337871583,0.008790265887046884,0.010738660364981518,0.009315173967970453,-0.011489590412916785,0.008821397620525296,-0.00896877778489139,-0.010292625397596497,0.005595401879406858,0.008790264432888094,0.01072273087918844,0.008640575640806794,0.00900150369579378,0.00881814258856198,0.011001862179822275,0.009290921699149312
2022-03-26,,,,,0.009594654493158005,0.003429583093865566,-0.007443103129025597,0.010401041593676356,,,,,,,,
2022-03-27,,,,,0.042547875454710636,0.05212631225612701,0.026504360709723982,0.043200809844379295,,,,,,,,
2022-03-28,0.0008465485017869987,0.005694566788810165,0.002773479461630769,0.0030025190682266634,0.00445177065782223,0.006567887358349675,-0.00524410208428168,0.0036391024972883103,0.0014474188611262042,0.00569456705835954,0.002482689341025023,0.002983053102776417,0.0007398831549495463,0.005543953054576275,0.002173044101008985,0.002902951687535366
2022-03-29,0.012421936723784475,0.01314035628637241,0.00980557992485961,0.012487421036867872,0.013999177555741139,0.007166154611000171,0.02719786219886153,0.013568993597960153,0.012684810195777252,0.013140356350708302,0.01059446735507144,0.01247832955365891,0.012348740402601418,0.013105070561906795,0.00920585761883052,0.012449240617118846
2022-03-30,-0.004279865159334702,0.0006717595021070448,0.00023691375691873044,-0.0022216463870109392,0.009501167971384695,-0.008491735032190187,0.004282256524858724,0.008161390169644357,-0.0019830263042148024,0.000671760080097985,0.000650688421643521,-0.001666290065299358,-0.004181130784174847,0.0005690212051133198,0.00034527592074907803,-0.00217267500354586
2022-03-31,-0.014612859704207257,-0.008819763344109721,-0.012759158237212286,-0.012125932147279242,-0.03077250341725826,-0.03238210822970256,-0.047813448061660255,-0.030457989128318253,-0.017306133656382425,-0.008850654552912009,-0.013267501129622727,-0.012775574478145254,-0.014413443752094138,-0.008689442356821864,-0.013019286404863592,-0.011963407410833267
2022-04-01,0.006186125023239843,0.008716812396700182,0.009884468842854346,0.008387763991149178,0.01314246889255092,0.0163151153882672,0.001033973364078547,0.014671692393144531,0.007345515668125022,0.008698884542776064,0.009834844310854516,0.00874801861760104,0.006000631703966194,0.009032182524986285,0.010265508904453484,0.008273356976200002
2022-04-02,,,,,-0.01024608862981643,-0.008917040798352491,-0.03141385410265899,-0.009606579715499781,,,,,,,,
2022-04-03,,,,,0.019144810628382403,0.012745379989237816,0.026439525989923024,0.018678678630457947,,,,,,,,
2022-04-04,0.0023851263573864533,0.002560106256365143,-0.0031060147476994504,0.0012823436789891048,-0.006553388346854017,0.0036403959498195974,0.0019099666697591701,-0.00616096035241364,0.0008953739066797081,0.0025390627361249894,-0.0032680788191786587,0.0007585046920352537,0.0022569315062244935,0.001865151810664961,-0.003125182179478581,0.001064635821269946
2022-04-05,-0.01069834050561134,-0.004061032559109878,-0.002818467223825821,-0.007017990839193407,-0.028460521862655356,-0.02287907280900844,-0.04768100462746435,-0.02775785834885001,-0.013658704065118677,-0.004092802385751488,-0.003202277413536108,-0.007686370793350083,-0.010662025999151007,-0.003414886940767022,-0.002966185132712587,-0.00688340644866807
2022-04-06,-0.0012633246356550418,0.011025011823995646,0.016807127585413077,0.003849345891713151,-0.09165544300198733,-0.05156849392240223,-0.13058248358272104,-0.08804995851160154,-0.016328677696710422,0.010976030170267596,0.015242967244503101,0.000352536515287891,-0.001152361267947848,0.011614910776936185,0.01717286330469919,0.004047056675850283
2022-04-07,0.0016102370143205452,0.0040570783694521065,0.012617216419471994,0.002109163463004536,0.0361365525133895,0.006876459247306025,0.12123377354302844,0.03298129035601549,0.007364622930832038,0.004026519792123323,0.014946555022523367,0.003361640957570366,0.0015773652738659374,0.003707563388802391,0.011561732210763651,0.0020147611920712746
2022-04-08,0.0031541323434364893,0.006975766361204799,0.004704301373393173,0.0038630466932881922,-0.041862478758459706,-0.027955770794340445,-0.06538551190062164,-0.04005160892738442,-0.004348636173546209,0.0069526653307431805,0.004101916036292676,0.002229464675266718,0.0031670439983150075,0.006869440049223969,0.00455050386224938,0.0038956619729521606
2022-04-09,,,,,0.01842106310011493,0.011693070951358013,0.03498593743951926,0.018001611635836006,,,,,,,,
2022-04-10,,,,,-0.01700182837889297,-0.013427680050824446,-0.032609598612578956,-0.01661578954446423,,,,,,,,
2022-04-11,-0.011840453695113766,-0.014691059304776814,-0.025283180561807946,-0.011581621848720473,-0.08038746598850147,-0.06363225953812551,-0.08471012622736004,-0.07912276625349636,-0.023264955744011717,-0.014757017384103547,-0.026663401764980214,-0.01430799827253895,-0.01208376361141415,-0.015117455870748434,-0.025144011995749914,-0.011796325374876194
2022-04-12,-0.0008602131354637923,0.0026594553949806222,0.003962447270243978,-0.0006683382383554975,0.0283449435915488,0.015315083892862003,0.0290062690290126,0.02721766572114814,0.004007312985704973,0.002705959175595591,0.004523246192310215,0.0005843265993232954,-0.0004829668284295997,0.0032991730505051906,0.00526271780591286,-0.00023933404663070647
2022-04-13,0.009111691535789813,0.00601448644996336,-0.006174961566312534,0.007246992987244403,0.037169341846512015,0.025906300465153187,0.012416901786191923,0.03576535177227394,0.013787966587576849,0.00604562076238518,-0.006942935202514961,0.00829636323380637,0.00900321643669281,0.005776417861814083,-0.004900567549070487,0.007110889702067581
2022-04-14,-0.0021576094399995685,0.0020086782914587493,0.006148422719952969,-0.0009296483748476793,-0.02365856424583321,-0.02990800653174546,-0.03580188760514141,-0.024518396278606473,-0.005741101907638509,0.002008204476418816,0.006045303088411024,-0.001742103181952059,-0.0015138233887913304,0.0027329628409209087,0.0057651896655240824,-0.0003402752377747401
2022-04-15,,,,,0.031038335249899567,0.015473675726455633,0.010785011795991749,0.02934106158792114,,,,,,,,
2022-04-16,,,,,0.01442141326466836,-0.003180504286054773,0.021176256389815813,0.011932943502250408,,,,,,,,
2022-04-17,,,,,-0.038583655169079335,-0.017502542356177327,-0.04019894946182441,-0.03628322252867076,,,,,,,,
2022-04-18,0.0008561339045568395,-0.004724831327262486,0.0019904983026332182,-0.0015110496811936531,0.022289250330103764,0.027929174608607023,0.008076234758699908,0.022977966149640327,0.004428319975481326,-0.004672173209626282,0.0017505838468482961,-0.0005026789405835701,0.000997844530469387,-0.004287251745590376,0.002852754614470774,-0.0013135321666441838
2022-04-19,0.012514123824200307,0.008543155547443239,-0.003985126981789851,0.010797923668275021,0.021499995707293638,0.016571096753379755,0.023685018606630616,0.020132670608169905,0.014011769138049194,0.008579211701859097,-0.00360676743807112,0.011077296894587488,0.012254404238360016,0.008308443382906643,-0.0027992463573865076,0.010567728319999959
2022-04-20,0.0015008733592365077,0.0027577572547691693,0.004957034785903763,0.0028367121985944373,-0.012096637850906011,-0.0030930744047075968,-0.03237814540165084,-0.012027664687972416,-0.000765378509120579,0.0028154509745392676,0.005036944775687839,0.0023892285405719416,0.001694539662788981,0.003014449438299177,0.0059524706566276234,0.0030413697744054273
2022-04-21,-0.012365582660085608,-0.010547521419320345,-0.018202120426711918,-0.011364124118614613,-0.020877854849308077,-0.020471984048856032,-0.04261291462105311,-0.018377604185143805,-0.013784294691622687,-0.010522080398076174,-0.017851529185327127,-0.011476242161267896,-0.01242975205305204,-0.010857237995076388,-0.01935640512871121,-0.01141052582296978
2022-04-22,-0.02310687701405425,-0.0158837640379643,-0.02622345366342308,-0.020942535727885545,-0.011750225224195167,-0.019420038833715937,0.015250423276164802,-0.01271791916751565,-0.021214101715744404,-0.01586784203121567,-0.025203683420340343,-0.02056254114187248,-0.02335373383099034,-0.016423635078025526,-0.026049941006038562,-0.02120114797237827
2022-04-23,,,,,-0.01286054767525191,-0.006381172616523974,-0.025789359620719588,-0.011935107343938014,,,,,,,,
2022-04-24,,,,,-0.013762498814561453,-0.00044160404756294865,-0.02546532718399425,-0.012396844664633835,,,,,,,,
2022-04-25,-0.002562322005097424,-0.0015123658111483463,-0.006911880611369334,-0.0025976968840671537,0.01016629986165194,0.025057850055308174,0.0016361988885732468,0.011549181682693224,-0.00044088502730586316,-0.001502976179904068,-0.007053504686827189,-0.002197398907147348,-0.002806760669829678,-0.002106447988673432,-0.007938510726938523,-0.002888845857959907
2022-04-26,-0.02058994664206025,-0.016308402364733958,-0.010213746215492075,-0.017949193400603546,-0.06831752801509475,-0.057858267871624215,-0.08781665297111012,-0.06717712518092259,-0.028544543537565997,-0.016383825822595698,-0.011120039937951864,-0.01980712351578899,-0.020697541323727024,-0.016325695411915867,-0.010544935152030931,-0.018002096786993476
2022-04-27,0.0004532832337849469,-0.0030955210218521906,0.001072734378256358,0.00019921734813305365,0.0244208828580192,0.029478882606908917,0.020660501878143486,0.024607133578138186,0.004447883171157322,-0.0030784547061483724,0.0017088716313377482,0.001224717427739204,0.0008427276821238345,-0.0029423556004517888,0.0004932699475555818,0.00048688340438222196
2022-04-28,0.0175969767603209,0.015653081937309708,0.01926733768726073,0.01596494368501032,0.008911743483814662,0.013575224570606201,-0.003134172675013476,0.009335767656584816,0.016149437880903197,0.015637828123126765,0.018228389829683823,0.01556445910873957,0.018213428895771894,0.01640106353295767,0.0206396340836428,0.01655394447828895
2022-04-29,-0.035137233680550675,-0.03117201645468714,-0.0560945552665774,-0.03403773726561697,-0.03646867383836265,-0.02926557389929388,-0.06171827607478241,-0.035849485556442406,-0.03535914037351934,-0.031172020388552806,-0.05609455518363471,-0.03402235664760873,-0.035134543825501484,-0.031001249911689555,-0.055420817688646346,-0.03404401636708432
2022-04-30,,,,,-0.053359876819118274,-0.023110017816011234,-0.07199055544274553,-0.049029675747383344,,,,,,,,
2022-05-01,,,,,0.04733577045165833,0.020682145083224142,0.052522257302448944,0.04654240496058698,,,,,,,,
2022-05-02,0.004282752066340887,0.0013377342699722806,-0.012830401940556556,0.0011772447409915032,-0.003150579813704691,0.0013697461524936941,0.0008035756980464824,-0.00299917162251569,0.0030438634196666248,0.0013377329512020118,-0.012830389592426737,0.0006632760132813651,0.004268823747740969,0.0009466836547875026,-0.011094424104899414,0.0010670049565139872
2022-05-03,0.006419254004216235,0.0036387839068993838,0.006374591385499914,0.005308119342712012,-0.010712090547274924,-0.019767300449191488,-0.024173125455202515,-0.010332064977356541,0.003564029912301042,0.0036387892652284836,0.006374612114766985,0.0045624871816584605,0.00633262964867463,0.003390076441410333,0.007019596298592826,0.005221174901331749
2022-05-04,0.03059747582803359,0.023330827574579032,0.012184595496220606,0.027594631143953212,0.09768777207422855,0.05247791050763547,0.10121853293059768,0.09567557918152389,0.04177919186906608,0.023330834089498653,0.012184610935825261,0.030409427002531297,0.03043896780564095,0.02334954173989529,0.013040841992080015,0.02748695651996172
2022-05-05,-0.02522333353713442,-0.014350789539023278,-0.022605686868720887,-0.021237548330596892,-0.08792760957755685,-0.0790269074535158,-0.07172021380186676,-0.08782047250819752,-0.03567404621053816,-0.014350790250490979,-0.022605671404443296,-0.02381302600803854,-0.02464227063582305,-0.013695578023279625,-0.021140759959714372,-0.020718784820767527
2022-05-06,-0.0037348140552296684,-0.006026373167590122,-0.007056085824198293,-0.003871812668257251,0.009911536356464605,-0.013545453321958296,-0.016044345115464015,0.010302179712294999,-0.0014604223199472903,-0.006026367987605889,-0.007056058018299722,-0.0030357662927341053,-0.003214872734869155,-0.005447995733402714,-0.0053455186017870426,-0.003423188117005336
2022-05-07,,,,,-0.025861551667197516,-0.015071734963347428,-0.030000453265208775,-0.025218994462284025,,,,,,,,
2022-05-08,,,,,-0.019123252337417542,-0.04006397561223579,-0.030209817725028437,-0.02000592545771521,,,,,,,,
2022-05-09,-0.03505511084284932,-0.014968023641694906,-0.051063987114720585,-0.02912110240995059,-0.13858540201932165,-0.1107912619571052,-0.12007765370182517,-0.13713521475802565,-0.05231015937226137,-0.014968037068758329,-0.051063965920186465,-0.03354799361469498,-0.03506426324412939,-0.014579463183733026,-0.050815466965649585,-0.028957301143183557
2022-05-10,-0.00435015726679066,-0.0072354823301962155,-0.009579391160144031,-0.006166324516062306,0.03548752611899277,0.024129830588322992,0.040905764336464985,0.03546882800997331,0.0022894566308399125,-0.007235479882087107,-0.009579378888787607,-0.0045847882744979645,-0.0041627785740844655,-0.007118370451760137,-0.008318157418396005,-0.006041808209052399
2022-05-11,-0.003418132781437833,0.00694292979746729,-0.003137508171463197,-0.0002505237902835231,-0.14409244004091043,-0.0670433662103144,-0.14424808682033022,-0.13725863407282632,-0.026863850658016598,0.0069429305225870335,-0.003137504702336128,-0.006313827022148017,-0.0034726185952243262,0.005118847560559196,-0.0025977584962314482,-0.0006210173692312766
2022-05-12,0.0022033135934364755,0.008180992316065663,0.0055502828530003085,0.003449697123855303,-0.04872558742882796,0.0032334073015841728,-0.047486671551865776,-0.046369467620376456,-0.006284836576940928,0.00818097692250458,0.00555029686640075,0.0012476631657517205,0.002409529322990804,0.00817026092168781,0.005793491105985987,0.003603213220940657
2022-05-13,0.022291124944625016,0.010264419803267368,0.015970647226476113,0.01798564015882779,0.06680643620759522,0.008681466377299106,0.05516431637664929,0.06418483119004581,0.02971034348845338,0.010264424963699984,0.015970618886485863,0.019722410340082208,0.022325711839453616,0.009901453112846825,0.01592901033002864,0.01793206274451489
2022-05-14,,,,,0.021150943771016485,0.02762198941917533,0.026267019313034785,0.0208881549455486,,,,,,,,
2022-05-15,,,,,0.041672055707046005,0.039731437892509346,0.04496106764534275,0.04167829344167029,,,,,,,,
2022-05-16,0.0013181692032246065,0.006298070791711507,0.002193954330325915,0.002712229891441063,-0.059615598921542265,-0.04606352982827113,-0.05789629602500482,-0.05857205089967901,-0.008837458817569869,0.006298071190366302,0.0021939607530615858,4.915094986747626e-05,0.0018428118064467897,0.006147569481080729,0.0035719825463291304,0.003000562223639259
2022-05-17,0.019450539934054743,-0.0028813199691697863,0.004320084766352667,0.013834688324606374,0.04388035967930752,0.01902260038791186,0.039257386049342126,0.04231421233120109,0.02352217655826353,-0.0028813083088084735,0.0043200839294815505,0.014718690856851286,0.018704202119197277,-0.005034044612810174,0.004136967801390846,0.013001075769549696
2022-05-18,-0.02801387185213911,-0.022736473579752114,-0.03230930192251554,-0.024944752791114407,-0.0793407584536161,-0.05582121508770576,-0.08646510222083792,-0.07751891904487325,-0.036568352952385266,-0.02273647540055054,-0.03230927987092421,-0.027122169887559396,-0.028279077746515256,-0.024435099420431178,-0.031706366258161034,-0.025404774907569035
2022-05-19,-0.0018228315479148114,-0.0051211019729436175,0.0008860107848721996,-0.0020047782333639536,0.047506905607711224,0.055388305917271875,0.053910693114075266,0.04776233990518132,0.006398791311356195,-0.0051210980330129875,0.0008860045802805933,0.0001372173511268769,-0.002228234190146915,-0.006017347412780082,0.0005613637282015546,-0.0024817935970390228
2022-05-20,0.0006859801810684973,0.0028848476638323652,0.00030570097435332524,0.0028663687431355563,-0.031759637146683804,-0.03669700573818836,-0.031096865069103495,-0.03185610439330172,-0.00472162270689022,0.0028848509454965326,0.0003056989780463305,0.0014606823919079484,0.0010603934941796395,0.0029355460352346267,0.00015772707354425475,0.003147078167626485
2022-05-21,,,,,0.01647804411295526,0.008115702748848156,0.007035966906420001,0.01626215303926051,,,,,,,,
2022-05-22,,,,,0.03472782004763588,0.030442876440470657,0.037131069165754337,0.03456058811112942,,,,,,,,
2022-05-23,0.019290594368582815,0.014582812615811484,0.010349839675272424,0.017128300615766687,-0.03280431624764311,-0.04028688025310687,-0.0008662670124724329,-0.034102967979960916,0.010608109265878497,0.014582817824055851,0.010349822045233494,0.014759835567427463,0.019161352912725974,0.014609938673207794,0.009927001508545523,0.017010123778210526
2022-05-24,0.0004160499764193643,0.009848690501287189,0.0034790586530633735,0.004982826414622725,0.03203904359740626,0.01936484492905184,0.06021128366515381,0.03004408414259218,0.005686548913250512,0.009848691569149514,0.0034790624740628708,0.006506569402662086,0.0007191765907762039,0.009698679826346441,0.0035787211528532227,0.00517524375414553
2022-05-25,0.008934932428617256,0.0062405271280338,0.011384030519489895,0.0069439966483679765,-0.009345323136245278,-0.0028125882359640807,-0.02032740702632762,-0.007943860989855112,0.005888223167806834,0.006240529856348078,0.011384044911968066,0.006137628167716595,0.00885256662801104,0.006104439631342458,0.011813231823458803,0.006874147393837868
2022-05-26,0.015234428874930364,0.005343092971681842,0.008683590024992032,0.01051729865441566,-0.05070413016976659,-0.010087850161286242,-0.07154324338699124,-0.048195048218914065,0.0042446690341475385,0.005343096347023177,0.00868357549491025,0.007646151965494104,0.01492774713379856,0.005322891611647519,0.00831900693279413,0.010299017757986558
2022-05-27,0.01958241057376831,0.01047617047140511,0.019932547619746326,0.016964633547145044,-0.02852164180232375,-0.021851562199953243,-0.011544642918683295,-0.029146131797627928,0.011565068511086298,0.01047617680159001,0.0199325176950717,0.014784886694921893,0.019502810665752792,0.010768014879116525,0.01900226123062091,0.016933168347399004
2022-05-28,,,,,0.01804435320543567,0.006551716649945519,0.016938848460534603,0.016953739994845108,,,,,,,,
2022-05-29,,,,,0.02776182819934858,0.02170629191879338,0.035311837787872925,0.027024268299662646,,,,,,,,
2022-05-30,,,,,0.08357793585561525,0.0771748064848315,0.0740692252451278,0.08439100858570303,,,,,,,,
2022-05-31,-0.007686832348451913,-0.008119205941900973,-0.015724328211080264,-0.008058878143274816,0.011728387575256228,0.0034543343346258074,0.011193991785470873,0.011339943719871636,-0.004450962361167223,-0.007847500139483495,-0.015724339140835715,-0.007005936387507963,-0.00791155011611887,-0.008139941814625894,-0.01602366670939246,-0.008249434106005708
2022-06-01,-0.005248085487194567,-0.00548510137213269,0.0007911962818783183,-0.005390281787967615,-0.0710803050374161,-0.054514207637100645,-0.008516339710219416,-0.06964376093272573,-0.016220122078898152,-0.006052185598538843,0.000791215625703348,-0.009072856124672376,-0.0049421882969732985,-0.005421129439823166,0.0016367544774402933,-0.005163503554127499
2022-06-02,0.014666480722361935,0.0031898558586180505,0.001299646257220536,0.011302175115849593,0.0241083992323192,0.020391124273820588,0.008924915904946052,0.02349027895954563,0.016240133807354812,0.00309595802795485,0.0012996236083535786,0.011626565339264514,0.014486231597062516,0.003427086339200743,0.0004764878625873904,0.011413873544034581
2022-06-03,-0.00828168804204499,-0.005150419316144739,0.002883170238177731,-0.007386535145686574,-0.02621997954174823,-0.026777640369564794,-0.03651199348035505,-0.02629601495527422,-0.01127140329199553,-0.005221846264856032,0.002883194283775112,-0.008336233337998922,-0.007849367667900385,-0.0051320667001121595,0.0036574332976748577,-0.007111957288049271
2022-06-04,,,,,0.007294771740642957,0.0022274695175426174,-0.009575553603478377,0.007096223606497741,,,,,,,,
2022-06-05,,,,,-0.004211390828016736,0.004088523782985015,0.013177089958018565,-0.003945235170747485,,,,,,,,
2022-06-06,-0.0004726634839063059,-0.004398812197667592,-0.0031057540320260707,-0.0008854687278393082,0.02920144611179571,0.04207805895511956,0.0034263556344134236,0.02946073297868926,0.004473021448710696,-0.003982011239820121,-0.0031057520151917535,0.0007951927630389608,-0.0004092710075925859,-0.004345712238245376,-0.0032478245156198115,-0.000791485324127064
2022-06-07,0.010212564518665375,0.008002231518388853,0.013587971700062389,0.00920609597689928,-0.011969793902402005,-0.005254628566153278,0.00376974499690362,-0.011685390221007797,0.006515504781820811,0.007735195346803205,0.013587996920406208,0.007928459541497335,0.010383081461927516,0.007964882400050968,0.014260103198572419,0.009294857136316665
2022-06-08,-0.01288874606797629,-0.009695128624339761,-0.007386016667665809,-0.01244541926663308,-0.013612383477299806,-0.02817942898539231,-0.016777864091887747,-0.01446493298773079,-0.013009352302863542,-0.009923518993654118,-0.007386009349738495,-0.012587362009641985,-0.012724347469969434,-0.009604315056771789,-0.007200734323557346,-0.012326141739163125
2022-06-09,-0.02355902207801281,-0.022766336840539518,-0.024985760700837967,-0.022320738243668797,-0.006290799584613549,-0.0022413365458286783,0.004204042995810334,-0.005934510639019504,-0.020680984995779597,-0.02257098818131921,-0.024985747715897122,-0.021316294623287838,-0.023565824337559115,-0.022712353656527736,-0.02531210198557473,-0.022284746719588685
2022-06-10,-0.02572519852341478,-0.009644698179170743,-0.012266204014569296,-0.02054437014438264,-0.052389569676345525,-0.032778805363046344,-0.025093907437285033,-0.05130401683320276,-0.03016926038223657,-0.00944469922993657,-0.012266183744497417,-0.021788113916598194,-0.02550051128435646,-0.009707726030794953,-0.012232005913968488,-0.020442342423172104
2022-06-11,,,,,-0.05910299544008756,-0.026837815353698044,-0.03796357082751812,-0.057682494997445516,,,,,,,,
2022-06-12,,,,,-0.05806915079641411,-0.04689553119304529,0.006267465900107798,-0.05669815326582606,,,,,,,,
2022-06-13,-0.04038529147505947,-0.03255434536078489,-0.04210086785786134,-0.037416828067646644,-0.12649945561716172,-0.16057837353325838,-0.16525123860314014,-0.1291321010790972,-0.054737652165409836,-0.03354753605160772,-0.04210085706358734,-0.04244984896496454,-0.040118042773743534,-0.03263021111497206,-0.04225655812701455,-0.03724734470539825
2022-06-14,-0.0064914420956831,-0.013772991862180508,-0.0070216849751788685,-0.009408013434757254,0.011680498107776516,-0.02954889951097773,-0.12552909351544664,0.008195592158112299,-0.0034627853951064965,-0.013895586580931703,-0.007021704104799774,-0.008652675939307604,-0.006496483436325198,-0.013633828849153547,-0.006268875362684979,-0.009413250748965598
2022-06-15,0.010895650187921786,0.0026617524221052963,-0.00517447864155089,0.008870544561289355,0.06542525357596155,0.03334009170382711,0.12811457007507204,0.06325609783463423,0.019983917419261744,0.0027501030144744852,-0.00517448405360172,0.011652595815156553,0.010781138297215909,0.002597956197849407,-0.006161868324901483,0.00895196259003588
2022-06-16,-0.02883302653138866,-0.008188359867880511,-0.0221683173815313,-0.02265242343372304,-0.10718840066102221,-0.09163480125074289,-0.06106491700214193,-0.10666795487799959,-0.041892255552994244,-0.008758368212304407,-0.022168326980484026,-0.027022396993085555,-0.028970029284120825,-0.00836743948723816,-0.023451169929750132,-0.022915660414998543
2022-06-17,-0.0040129501461385695,-0.004510113204706179,-0.020112676358582764,-0.0038688875178169197,0.03646198203338853,0.005745432391650852,0.013267871448294357,0.03526969148826571,0.002732871883782613,-0.004277045393513488,-0.020112723451243632,-0.0017216003873870257,-0.004412697769414612,-0.004800093377570699,-0.021597586745412664,-0.004153285361846325
2022-06-18,,,,,-0.04251541303837564,-0.05764837792705596,0.01752013899189549,-0.04301855957104054,,,,,,,,
2022-06-19,,,,,0.07927452664115972,0.0699722692442284,0.009388895965015727,0.07825182019197159,,,,,,,,
2022-06-20,,,,,0.0015757411640274664,0.001068862100919363,-0.005577667473292901,0.0010230726542904763,,,,,,,,
2022-06-21,0.021283145794544635,0.022131152903110164,0.03550555391983899,0.021790247264684037,0.005971368768382867,0.013698871217717448,0.060406880992289705,0.0068481288263052605,0.018731182956851004,0.022152379563724133,0.03550556103263152,0.020996610191863104,0.02168038793520446,0.02223833373677079,0.03604685130885272,0.022077668725532792
2022-06-22,-0.003436148511325536,0.0032692907047783748,-0.004678709670284322,-8.917344202442152e-05,-0.03599036081922781,-0.033669099478177665,-0.026539834684574,-0.036120976373943056,-0.008861850562642583,0.0030265860709690214,-0.004678745555024325,-0.001956745477821606,-0.003678644872924883,0.002813787042761422,-0.006660131562557527,-0.00026485276562461367
2022-06-23,0.0025338360448495245,0.013069801183560895,0.0023867219743524807,0.006391990984729862,0.047340504070337984,0.04816413503621856,0.00985353309190897,0.0473191190133009,0.0100016140490976,0.013534231722526907,0.0023866857854039913,0.008989628978210144,0.002400378862992252,0.012722450583610725,0.000990876118230056,0.006251093511713347
2022-06-24,0.028722864719396547,0.014383347233716037,0.018340878158510408,0.02412438439098388,0.03819140914105866,0.010971952634526922,0.033789708201680695,0.03699662657183313,0.030300955456340234,0.014040776381003806,0.018340878338733324,0.02448525802339367,0.028576169762765266,0.014379662315474948,0.01841305652542284,0.0240810217167786
2022-06-25,,,,,0.007753439427377806,0.008562294635353185,-0.014976910332770252,0.007627951522879286,,,,,,,,
2022-06-26,,,,,-0.021408985862141752,-0.018640289521547435,0.0007701480956911939,-0.02148106542032816,,,,,,,,
2022-06-27,-0.0030991162767539794,-0.0028861201959951978,0.012634409666015905,-0.0023800001765871704,-0.006753675892738909,-0.006882540036796606,0.03244874600312861,-0.006420234229351164,-0.0037082095460848016,-0.0030465499321962364,0.012634425612840295,-0.002514658939992426,-0.002747235656856014,-0.002867972458290653,0.013185601720488625,-0.002153420543212438
2022-06-28,-0.009510549810128442,-0.008738413452349814,0.002405504003089567,-0.009582971335318081,-0.043163800565628886,-0.020951106279497943,-0.015416255334360331,-0.042055384259557446,-0.015119424936045182,-0.008711797435859942,0.0024055252392235576,-0.011226782696334732,-0.009045332102059104,-0.008714341484228496,0.0041560191891620996,-0.009344624461932866
2022-06-29,-0.005108620032928052,0.000550174843633448,-0.006372287216241284,-0.00260296851368946,-0.014634249838758707,-0.01015559739836603,-0.018292497182254775,-0.014609917128082066,-0.006696225000566496,0.0005065511940087423,-0.006372286690776817,-0.003136539668695065,-0.005269417369114352,0.0003650797483263817,-0.007416654876260241,-0.002755832774147853
2022-06-30,-0.00757003786096443,-0.00769461014888147,-0.004890983183970409,-0.006494515961185073,-0.00736490300233722,-0.013002373329979925,-0.0011568339800731638,-0.007619199992176562,-0.007535848717859894,-0.007694603949605251,-0.004891001324188164,-0.006426536906450445,-0.007380458960877662,-0.007311310381068835,-0.005186495453439363,-0.006268854079496549
2022-07-01,0.010735052336339567,0.015026514453857914,0.012651568409546055,0.013104556667926525,-0.022743101604300778,-0.02038323087542326,0.00291867620251994,-0.022138610669402148,0.005155360012899511,0.015026517020316585,0.012651545990562084,0.011155079437722506,0.010669251728276997,0.015078974357504445,0.011837342240610775,0.013047096915531303
2022-07-02,,,,,0.010206534368909838,-0.0016678347362393113,-0.002740850942955504,0.009650982782322933,,,,,,,,
2022-07-03,,,,,0.006203747849250052,0.006760892064442842,0.022851584856107044,0.006394308826776375,,,,,,,,
2022-07-04,,,,,0.03434928007958627,0.041871566018651475,0.014974489922158454,0.034576843156052264,,,,,,,,
2022-07-05,-0.006293927342713394,-0.003489068764694645,-0.011896799850464846,-0.007152586879888053,-0.019035901264224744,0.0011446036500367093,0.014218133416779896,-0.01772183817915559,-0.008417589662965286,-0.0034890692242709625,-0.011896779726299139,-0.008016661336196683,-0.006492515516111985,-0.003966185128081111,-0.010661053472337248,-0.007248002145785951
2022-07-06,-0.00013597333307193254,0.0013467465545840352,-0.004399074698694319,0.00046706456105985965,0.01714929107079264,0.012525228017244565,-0.008915808026445074,0.016858598365252768,0.0027449040675721625,0.0013467463703361415,-0.004399090888698668,0.0015005609704817106,-0.00016330661304759657,0.0014316285296957268,-0.004907672056505055,0.00041519533398458113
2022-07-07,0.014110195282665636,0.0024511748934805864,0.004168378100988693,0.009562112736736933,0.03818408898870451,0.04570738661995844,0.015654201151573687,0.03837468973995216,0.01812251090033878,0.002451175440995097,0.004168383086313471,0.010992408670917083,0.014178417731777703,0.002232185088638122,0.0035763374167735403,0.009596950413456677
2022-07-08,-0.003327694098526209,-0.0028151209171561418,0.00042287348516584266,-0.0029905337092122537,-0.009716256354324614,0.004554114085378415,0.005506639248160411,-0.008901839267807313,-0.004392454474492608,-0.0028151221199648312,0.0004228752136631926,-0.0033158583906393374,-0.003248039535474541,-0.0028142164494882227,0.0008609442352064242,-0.0029281647013403686
2022-07-09,,,,,0.014113331687002918,-0.002844142992149172,0.011749922495481341,0.013039127266986554,,,,,,,,
2022-07-10,,,,,-0.039914641433941585,-0.03338402979279619,-0.0313032556772892,-0.03961662979485,,,,,,,,
2022-07-11,-0.007581620815643344,-9.545050755583691e-05,0.00020524583560874656,-0.0045645657844693216,-0.055941769132582544,-0.04278429133677383,-0.043298327086059525,-0.05524590306779554,-0.01564164553513321,-9.544909415826701e-05,0.00020525007608855446,-0.007349017652382883,-0.007364414151123425,0.00041570112670219386,0.000344688310772629,-0.004333504652417974
2022-07-12,-0.0038619318641055773,-0.005727289926897927,-0.008731345417084287,-0.004491884678073159,-0.023506154582261487,-0.026270860918853205,-0.0011434093422714334,-0.023416198154403427,-0.007135968983798228,-0.005727289927799392,-0.0087313491168522,-0.005695062590000974,-0.004147702912929413,-0.005674094732713338,-0.008528415024944698,-0.004709194691704567
2022-07-13,-0.0037269688378600173,-0.0012765242285359103,-0.0029707369428458186,-0.0036876310544735145,0.04427791375235155,0.04181046806448844,0.024735456794090515,0.04426169881828888,0.004273844927175245,-0.0012765236958106557,-0.0029707349597955747,-0.0008493206301349668,-0.003659932271161915,-0.0013510974557334554,-0.0028322626434928878,-0.003637691486855699
2022-07-14,-0.0041632110087867465,-0.0050439632757177735,-0.0030725607462220137,-0.004344240445209897,0.023188826061356818,0.016128587327963476,0.009646287784761856,0.023033830430534807,0.00039546183623718,-0.00504396211282553,-0.003072566240861585,-0.0027405061593547245,-0.004039446043258896,-0.0048572722933617534,-0.0031155706821486637,-0.004215038525399074
2022-07-15,0.018608815343360566,0.010431303763688672,0.01631044684605831,0.01611107219192675,0.013295712298953433,0.010971094238587836,0.002825855682735863,0.013373305002312994,0.01772329816929271,0.010431300571313888,0.016310459343288793,0.01579275157502006,0.01840788768584077,0.010439141276350568,0.016747970245503233,0.01596087347210427
2022-07-16,,,,,0.05154078995565464,0.018990848783737475,0.027224929424934277,0.049744164056462696,,,,,,,,
2022-07-17,,,,,-0.0009481346380628363,-0.01977412723521434,-0.021336190558892465,-0.0024329413017245213,,,,,,,,
2022-07-18,-0.0032098002043968576,-0.012031159753944603,-0.011904261966862877,-0.0063531845189055336,0.10792768941483928,0.07084630025446706,0.02448568763032614,0.10508371382195794,0.015313114732142499,-0.012031159053255705,-0.011904271813011666,0.00013756391332840607,-0.003551634919009255,-0.012289754048115668,-0.013126750759589075,-0.006698285542949695
2022-07-19,0.027385120685752967,0.013701628088935125,0.011393015894060799,0.02214283110377888,0.018286943077011588,0.03251277535019387,0.00092649597281636,0.01868713137127766,0.025868757750962736,0.013701629785317637,0.011393010892061899,0.021555620217069596,0.027376641473984047,0.01332596645063118,0.010664812494005742,0.022114752166210398
2022-07-20,0.002652137007976471,-0.006679389587456735,-0.007782490326271572,-0.0017589474203418033,-0.03622962949559685,-0.009771247588214597,-0.02222954495445195,-0.03472109079568112,-0.003828157409285748,-0.00667938871147932,-0.007782485749595382,-0.004091679020055247,0.002370497203681168,-0.007125207034232951,-0.008266731644384814,-0.0020914892704553293
2022-07-21,0.005351057035176227,0.004053716854725428,-0.0032513199081982856,0.003961844885433999,0.024561258029602205,-0.001088320027689215,0.006315993647637801,0.022909001575899635,0.008552757200913889,0.004053716338940813,-0.003251315145199072,0.004913316321505595,0.005428199862074008,0.004084727221313502,-0.0029372746163702913,0.004118875328243808
2022-07-22,-0.004943947923047727,-0.0002582438506451054,0.0023435750715925124,-0.0023282424181275507,-0.007789360004250422,-0.01842626048307119,-0.01437548597649785,-0.008730162736620776,-0.005418183269914842,-0.00025824139759421025,0.0023435696343858804,-0.002476705627413533,-0.004872133232153559,8.183822874755727e-05,0.0024075341197759012,-0.0022311561845623643
2022-07-23,,,,,0.007536720936223896,-0.009112885461431356,-0.0014168035950877756,0.0063356267477054475,,,,,,,,
2022-07-24,,,,,0.01969238716296306,0.005101190454409587,-0.000223988089575238,0.01939555435409909,,,,,,,,
2022-07-25,0.0035859017301082836,-0.0038080345792765227,0.01779399468423517,0.0015200438624715373,-0.07276478282443084,-0.05340869977029036,-0.04614309156342878,-0.07187166445946296,-0.009139212362314906,-0.0038080260554341273,0.017793995160541462,-0.002854882108798187,0.0038919541795957536,-0.0030542446498455374,0.01731984704929946,0.0019169506204319482
2022-07-26,-0.004859655657097753,-0.004578933813405277,0.0007704293396801875,-0.0027837134272686815,0.004279722862660339,-4.713129178036768e-05,0.023240140888373326,0.004060429031041167,-0.0033364259038047364,-0.004578929573755098,0.0007704200087260909,-0.002370843795570108,-0.00498133568337398,-0.004411945480602273,0.0010224419691963066,-0.0029189723978541126
2022-07-27,0.011691570468449708,0.004427219847611501,0.0032263004401187666,0.008203241785042234,0.10911298957386757,0.07399202285105355,0.05090373027344765,0.10580279915022313,0.02792847365268602,0.004427214210482952,0.003226308628460889,0.013775200660504867,0.011537764358867877,0.004130914739464028,0.003175574887579048,0.008075678445835642
2022-07-28,0.010345161395059147,0.007740973363733056,0.002637471768049597,0.010448667989658912,0.07791692582964407,0.03514828474458517,0.015888785446275266,0.07571069942871687,0.021607122134156633,0.007740975500216437,0.00263743905529432,0.014487455827596335,0.01057972318603263,0.007933816427580625,0.001345531960038257,0.010686208495333676
2022-07-29,0.009706179215131488,0.002606949405897601,0.009395165548453068,0.006929355453169722,-0.005829183344439626,-0.002630832041417101,-0.006680486349147194,-0.005709973680578325,0.007116952121869635,0.002606969660991959,0.0093951715602386,0.0060796907989133925,0.00989627560454581,0.0028358566131199132,0.012258839079475356,0.007109927006329903
2022-07-30,,,,,-0.004675670221653649,-0.0054306531610060155,-0.0021215176948339264,-0.0048986491351281835,,,,,,,,
2022-07-31,,,,,-0.016465189612308164,-0.011222127077568832,-0.002892497329803627,-0.015605296208386537,,,,,,,,
2022-08-01,-0.0016167632894356567,-0.0048912322575931,-0.013460927476866811,-0.002617022300252173,-0.012699082640371008,0.0023300131678928616,0.01441766153812236,-0.011149951661545664,-0.003463816514591548,-0.00489123289620013,-0.01346092532416175,-0.0032422806170165786,-0.001648114243929309,-0.004852026812543148,-0.012626130363893472,-0.0026017299405817393
2022-08-02,-0.009763777204931854,-0.005146732917255823,-0.004715906311763344,-0.009035527078146864,-0.018731547141342078,-0.016120815646482062,-0.022362928308254534,-0.01918209243484437,-0.01125840552766689,-0.005146736954176292,-0.004715911811651624,-0.009549521914945626,-0.009755978766810747,-0.0051678913412805515,-0.005216467650576454,-0.009048584192432723
2022-08-03,0.0063489694907891345,0.013452413888327568,-0.00792617262217346,0.006920170210910569,-0.005898263614123967,-0.006218437494249003,-0.008014934069561226,-0.005843218751110608,0.004307763973303617,0.013452395076126587,-0.007926163283063753,0.006094010065742001,0.006026355796830212,0.013298841570615113,-0.007908421484664568,0.006736422386727766
2022-08-04,-0.001620504861874982,-0.008023657570045889,-0.017179165344297354,-0.002256320671762514,0.0014520885855312197,-0.003869731419934829,0.016498381853559518,0.0017105777451158347,-0.0011084059539739493,-0.008023664316949423,-0.01717915485751772,-0.0021934931300270698,-0.0016389903556727854,-0.007966575480700632,-0.016375966036070392,-0.002224248652702648
2022-08-05,0.001588598643800305,-0.004267143340548325,0.0028622504487319767,0.0003193552118732493,0.04574473649123466,0.02559984556261577,0.012822057626368089,0.043747792948629266,0.008947954951706028,-0.0042671372643462106,0.002862248301718045,0.0028897742182106886,0.0016727225000121577,-0.004136715113407934,0.0030358064322984907,0.0003684212085507179
2022-08-06,,,,,-0.009351144158146453,-0.012156710729541817,-0.005098293284917626,-0.00918485726274344,,,,,,,,
2022-08-07,,,,,0.006392427307688353,0.007838264403285956,0.0023174746100917912,0.006404891827921594,,,,,,,,
2022-08-08,-0.00012185518376140356,0.0041378712219593385,0.008930673733734525,0.001102836782170169,0.022944762116980797,0.022941960290698556,0.0068502157557959195,0.023103087217694482,0.0037225810330289637,0.004137861350591867,0.008930666595292014,0.002492748069195275,-0.00010802263681643074,0.003983900983645311,0.008209914987733482,0.0010992861285760277
2022-08-09,-0.0008059676403024054,0.0020667518274433685,0.013635956316194846,0.0012542346873006404,-0.04364255068394754,-0.026289730126327595,-0.023334737866770556,-0.04257593040140943,-0.007945398147576594,0.002066751172853189,0.013635958461885787,-0.0011473479807885185,-0.0005287288400844022,0.0023206391622717757,0.014415640989879071,0.0014974991729403628
2022-08-10,0.01673915248481959,0.011398591256593914,0.004434224566213745,0.013993486254715507,0.050017755892849645,0.032350827985862585,0.026988305763879374,0.04872430739236956,0.02228558638615794,0.011398596725230468,0.004434224771465671,0.01582629955543293,0.016596343165417842,0.011168714047240387,0.004342511572108489,0.013869946255617901
2022-08-11,0.005926270642628072,-0.0012809744692887832,0.012847767744211426,0.003606034832960936,0.013045285139439911,0.00035171891072130804,0.0001279869944873225,0.011268325366574326,0.00711277305876338,-0.001280988657671549,0.01284775675546741,0.003990991307671383,0.005852209411797276,-0.0016917880923638198,0.012550377630119498,0.0034782205073406996
2022-08-12,0.014869254887947707,0.014393569235950737,0.006230625138346475,0.014623157573330093,0.014118240519318504,0.014964226259971443,0.0017062042548748012,0.013807103598450115,0.014744085826509507,0.014393559672791231,0.006230637870419037,0.01450876860913385,0.014728138792328847,0.014182823016557057,0.006548778816326016,0.014504618929569705
2022-08-13,,,,,0.007878268833164915,-0.0009822006111327736,-0.007764251531842006,0.0071233005119786105,,,,,,,,
2022-08-14,,,,,-0.012942023802462376,-0.0018453464339510304,0.007095445962613087,-0.011917778023526159,,,,,,,,
2022-08-15,0.004334572828434533,0.011750497476514564,-0.006406032529865919,0.005234196840173209,-0.016734843725832,-0.010351998419189944,-0.02079548071484935,-0.016619634374929314,0.0008230034027234433,0.011750496729579441,-0.0064060297286032694,0.004023512767531356,0.004163449984505348,0.011716466843483354,-0.006345234980145357,0.005112225429855061
2022-08-16,0.002959074994956916,0.013018723146153146,0.0003460722705152336,0.004511056107340588,0.002091266162104811,-0.005826655401169537,0.011314861723397518,0.001945386226346247,0.002814440189481564,0.01301873448968001,0.0003460728454147812,0.004449718556942854,0.0028720146804227624,0.012822730723603178,0.0005234995262806251,0.004408246885039515
2022-08-17,-0.008142599544448665,-0.006185660341207872,-0.002677968397061986,-0.0071403088385907235,-0.006078541612463405,-0.02260576768824897,-0.0214728394614456,-0.00753829910505695,-0.007798589889117788,-0.00618564925336552,-0.0026779578828463784,-0.006974615579189732,-0.008030506287052165,-0.005901069700340274,-0.00228725120890556,-0.006992671330994585
2022-08-18,0.00399189397737818,-0.0024667014255372226,0.0100709690077638,0.002057633903586186,-0.017337879464370286,-0.0065894970405833255,-0.011375135031468812,-0.016815354716731543,0.0004369317370867693,-0.0024666954157923056,0.0100709718958168,0.00086365907105985,0.004104091298115391,-0.0023412332930633356,0.010564139361710918,0.0021675354156077352
2022-08-19,-0.008808503379776999,-0.004591041756380849,0.01870949768997158,-0.006854520796863196,-0.10808945972908332,-0.08970570184791946,-0.049834700353931116,-0.10545157967613489,-0.025355329437994716,-0.004591039910012814,0.018709467220862634,-0.012500545786375257,-0.00850871198810197,-0.004236921692574228,0.018991523233551383,-0.006558425466453092
2022-08-20,,,,,0.01436897110145091,0.016569826101081753,0.02663778610244913,0.014235601083752426,,,,,,,,
2022-08-21,,,,,0.031694698941254096,0.014290412106148637,0.002948794174438405,0.03018296806033631,,,,,,,,
2022-08-22,-0.019339684380979445,-0.01402181820535191,-0.014287224203658345,-0.0171974623238106,0.021473569506181945,-0.006307273556297889,-0.006410731239346308,0.019105544046081085,-0.01253747539978588,-0.014021815807324398,-0.014287213784193259,-0.01480195700878791,-0.019283843585928582,-0.013896440790600133,-0.014453099190601525,-0.017160500005998496
2022-08-23,0.0019793433425868744,-0.004966576407409057,0.013067799626005159,-0.00031133728589743124,0.014107231905767193,0.007026004313058487,0.010646739052612595,0.014378492744803125,0.004000658103116928,-0.004966574872332361,0.013067794663056045,0.0004441556514389699,0.0021916829868218746,-0.004965700284057509,0.013777497328980415,-0.00018727340099466028
2022-08-24,0.0023558955475155583,0.0002950765732323869,0.0012941911942383063,0.0015746535753137225,-0.007648736420349412,-0.009405128089926747,-0.021204997459799268,-0.008329468128160267,0.00068845688620473,0.0002950829066093241,0.0012941914783650638,0.0009557791312375249,0.0023630869210610546,0.0002705753526698494,0.0017879090026327205,0.0015838018636905164
2022-08-25,0.01385520701878383,0.005755891798875184,0.005824207855863924,0.011443240890771589,0.01094257699168686,0.009705491138716148,0.01000732731018798,0.010497552316580476,0.013369768680934337,0.005755891190004026,0.005824207432085005,0.011174980312097904,0.013788137223017825,0.0055859398759848045,0.005593491948595651,0.011344594528349504
2022-08-26,-0.02769034731246524,-0.018110923071876055,-0.01522412383220387,-0.025041739754255294,-0.07803359417007812,-0.06138067062587841,-0.05883793833382814,-0.07688965619784811,-0.036080888455400716,-0.018110895076757044,-0.015224120830683169,-0.027881491425864456,-0.027517770061028714,-0.01802974072824644,-0.01482102619763821,-0.024866943250350566
2022-08-27,,,,,0.00217928456937987,-0.004103905239036959,0.02030883869960727,0.0022501481388833506,,,,,,,,
2022-08-28,,,,,-0.033573061151733086,-0.021527401691064624,-0.022718585408351626,-0.03232436123733063,,,,,,,,
2022-08-29,-0.0038147275975503716,-0.004039250444016283,0.0056110911279407365,-0.003554270255643824,0.04925487420357118,0.03387060635201654,0.030746144050940945,0.04795868946494674,0.005030206035969886,-0.00403924639299507,0.00561109495238495,-0.00033877380802804,-0.0036412181900147018,-0.003972634111682975,0.006168996928122251,-0.0034060882972747368
2022-08-30,-0.013364542345735518,-0.008424829673439748,-0.01748108331738327,-0.012163977849126246,-0.0268941958202499,-0.014871463871340215,0.021069783537932932,-0.02540130676190755,-0.015619484591487919,-0.008424825695000245,-0.017481091651197583,-0.012941425800613046,-0.013522620307191853,-0.008425290500146699,-0.018305309491138996,-0.012274780640155764
2022-08-31,-0.007346647125874835,-0.002649479529072157,-0.010174647896660356,-0.006492350190272869,0.0032082975179153817,0.005257309448323293,-0.01992399246834464,0.0031246808295095746,-0.005587489685243131,-0.0026494783751757887,-0.010174722432564159,-0.005813116628374249,-0.00754990933485817,-0.003277154183666803,-0.010316090625742272,-0.006733619655256415
2022-09-01,-0.0006877551969647988,0.011671560315240635,-1.1129395195818691e-06,0.00378274066010481,0.02437063798841811,0.0024023412985609153,-0.002476045912603075,0.022414359849607518,0.0034886436672656863,0.011671557009720975,-1.1567713471905341e-06,0.00531032739668082,-0.0007828466029526248,0.011415667624719347,-0.0007433687402691,0.003654945181666273
2022-09-02,-0.009523452905370693,-0.009337180151776748,-0.001533347124586526,-0.009690845687170387,0.004941360554689911,-0.00840944310301233,-0.010387346569569961,0.0037562094903084327,-0.007112650662027258,-0.009337177648134385,-0.0015333779345040183,-0.008830135580798119,-0.009536905295897348,-0.009036032034709592,-0.0012388670092959313,-0.009648621796438757
2022-09-03,,,,,0.002144406622791495,-0.003402270795947319,0.00829166215336353,0.002168933376438788,,,,,,,,
2022-09-04,,,,,0.00946666488626442,0.007490395072854533,0.006464717582825414,0.00943790317447775,,,,,,,,
2022-09-05,,,,,0.031521784509391984,-0.008762427542193448,-0.008894834443921796,0.026157171891891273,,,,,,,,
2022-09-06,-0.003960837321840623,-0.002488501744948111,-0.007669867192163287,-0.0032718856131161204,-0.0711698190596358,-0.045882895696859265,-0.034786773506253615,-0.06789034939077189,-0.01516233427813982,-0.0024885003985549614,-0.007669741121228693,-0.007305349252964534,-0.0037705629536336667,-0.002316099049869805,-0.007946666313513788,-0.0030600645497599246
2022-09-07,0.015912572907354684,0.016630163757007158,0.0021861344843139433,0.016572404700463807,0.05776727663863668,0.022492265216506737,0.017345513711815273,0.05420893897500396,0.02288835686256835,0.01663017249561767,0.002186080926680301,0.01900394524661002,0.015890111389162773,0.016145383272283577,0.0015124632832388778,0.01649157442918195
2022-09-08,0.006066542642071269,0.002664723179486665,-0.0012439957729967921,0.0041462237809304,0.005849298003899806,-0.0006213562312244058,-0.009560146485464315,0.005935073415493794,0.006030335202376025,0.002664723229940911,-0.0012439822687181769,0.0041090363795533965,0.006163459412970113,0.002667475444888563,-0.0012757011813162092,0.004276914385819268
2022-09-09,0.01464305635253413,0.009124301896543284,0.01133699534183089,0.012756537836949475,0.058616277059268106,0.08993532122372834,0.0357352374084663,0.05979290964720231,0.021971926470323123,0.009124310409107378,0.011336955061934313,0.015495229316043656,0.01438368381672273,0.009230276009268045,0.011587980113581994,0.012508745101607701
2022-09-10,,,,,0.01834220726446272,0.015326070156809644,0.019758443555117022,0.01792854341881588,,,,,,,,
2022-09-11,,,,,-0.011384277713285618,0.0011204812154285856,-0.008829541393357345,-0.010513307629375097,,,,,,,,
2022-09-12,0.008484821861791864,0.008442318271912067,0.01027548899168469,0.008646986664735765,-0.007453641423881051,0.020279100323583463,-0.004290319940932878,-0.005936185486593989,0.0058284113141797095,0.008442346805700779,0.010275590683908238,0.007821461975013502,0.008301410874243305,0.0067090793917868085,0.010290895064019803,0.008304769980411858
2022-09-13,-0.040049309985713,-0.030090872902018652,-0.02334673792972348,-0.03638888030229043,-0.07111080127953137,-0.08120806254936869,-0.04272751511817753,-0.07114289293797048,-0.045226225201349404,-0.030090865081402636,-0.02334669597628485,-0.0382560201599748,-0.03981274660524481,-0.029714075233833997,-0.023334557834965478,-0.03610338823514431
2022-09-14,0.0031318623014507806,0.006251165040514777,0.02041357975155505,0.0036659452985133584,0.02134357991808681,-0.00018287474259603612,0.008380256669178637,0.019318427001016214,0.006167148570890119,0.006251163063126004,0.020413383834510586,0.0046485429283609405,0.0030449566464366383,0.006177289104172368,0.020585018593676986,0.00348505353065181
2022-09-15,-0.016171537094844503,-0.010515029848356953,-0.019222537705992027,-0.01497133279874417,-0.04826521767813677,-0.021863789503507657,-0.005762263502000166,-0.045583137893279065,-0.02152048385872654,-0.01051501533549893,-0.019222400879274116,-0.01678962723503283,-0.016207907830400988,-0.010574870533110662,-0.019222423249938655,-0.01497932840089977
2022-09-16,-0.007247144972022488,0.000692135825373439,-0.005570738784583392,-0.004527189813964781,0.0130507130129396,0.002936078941969187,0.0006367045549158319,0.01399404093432709,-0.0038641686411954733,0.0006921433570393825,-0.005570818011266041,-0.0032016735351185245,-0.007442221590657197,0.000555111796206253,-0.005733671470043821,-0.004735565213977816
2022-09-17,,,,,0.031041752444428396,0.017561973700959074,0.016250098918455087,0.03081167664227501,,,,,,,,
2022-09-18,,,,,-0.07844006705083154,-0.03230218632013805,-0.022668900596807182,-0.07389181772503221,,,,,,,,
2022-09-19,0.006236594572679689,0.003664533891603589,0.004291371161560266,0.0054553106041292905,0.022050621841714125,0.0028979281450332225,-0.008886943168517339,0.02132426901093093,0.008872265784185427,0.003664525739661883,0.004291339721741163,0.006418016379943048,0.0063035773956821636,0.0034871123367781727,0.004088459910837956,0.005485051861736461
2022-09-20,-0.015572445225681552,-0.013415802806348458,-0.00883682783827052,-0.015093652131596398,0.00012092982397091719,-0.027978758354382644,-0.009728975325037578,8.755835432104359e-05,-0.01295688271740614,-0.013415807907842655,-0.008836764166064897,-0.014059496488603957,-0.01553274513151677,-0.013005388239728653,-0.008723539082819339,-0.015001435790092265
2022-09-21,-0.01695516019963178,-0.013001997415311922,-0.015549070118032202,-0.016174765792149926,-0.039127276267486556,-0.016129664214949862,-0.009272323901975308,-0.03738059921562112,-0.02065051287760758,-0.013001992741274473,-0.015549055968730288,-0.01745959337576752,-0.016765635685838956,-0.012659165927612482,-0.015643961635207045,-0.015957373138251546
2022-09-22,-0.009265739650809665,0.003346118810194162,-0.00034629118968444657,-0.005488338978197005,0.06731721632356923,0.040101402316633485,0.01800863297689428,0.06782240377853366,0.0034980863449201507,0.003346119788439077,-0.00034622159735317616,-0.0007093257458111509,-0.009346197624578844,0.0036244356348248694,-0.0002665750847302473,-0.005501137364969081
2022-09-23,-0.022218416288988612,-0.01659481320265164,-0.032000332468970105,-0.020049782663877212,0.011085161822327872,-0.0038839948871237087,0.003103192702288878,0.010693554449833921,-0.01666781993710253,-0.016594817799176556,-0.03200019982704652,-0.017996114259575285,-0.022169879197390517,-0.016772169722133162,-0.032616167617628145,-0.020013530893898054
2022-09-24,,,,,-0.021096523709983692,-0.0165814506080141,-0.009529019818541937,-0.02106865065787483,,,,,,,,
2022-09-25,,,,,-0.013323073667573293,-0.006039108441768708,-0.002405189459925302,-0.012557076072103473,,,,,,,,
2022-09-26,-0.016062688619373502,-0.010612383490511386,-0.018707877752674136,-0.015156418825089762,0.002677652663144337,0.016535288177402904,-0.0029969105917827493,0.002471874288809386,-0.012939298405620529,-0.010612383604367774,-0.018708012932668557,-0.01408687633591799,-0.015828064507351625,-0.0103629418621001,-0.018522247455778892,-0.014901518062402367
2022-09-27,-0.003665789050752121,-0.0058101748946274906,-0.0036407552212218836,-0.0053344006511503025,-0.01530393045398919,-0.0050245228153215854,-0.0023175148633435344,-0.014967738792591612,-0.005605479284624966,-0.005810163364728635,-0.0036405236262590747,-0.0060973722278977426,-0.003431587061477041,-0.006037106040473975,-0.0032684742439210144,-0.005109917153827356
2022-09-28,0.021300718433708198,0.022204181679983503,0.027837420215070942,0.020670731559235378,-0.0012962799289126913,0.013455907754581881,0.0031139815961498374,-0.0003853157977543914,0.01753455203993805,0.022204190352540745,0.02783729002298664,0.019237900895196756,0.021042933130407365,0.02209592711565367,0.028262440415038576,0.020441757187404676
2022-09-29,-0.019865724827656667,-0.016216988930895595,-0.014873125679771199,-0.019640445612975187,0.026085138651090946,0.011345338743046746,0.024112776748687725,0.026274892302227404,-0.012207247581198729,-0.016217004653786143,-0.014873135899898676,-0.01684346411552066,-0.019736657640167844,-0.015847849741964817,-0.014040024445745439,-0.019414899989454056
2022-09-30,-0.014866290633047613,-0.016509100134856847,-0.04273124505058964,-0.015201449607603643,-0.004491731472247418,-0.004683243513043258,-0.0029513638826588204,-0.00434927993886215,-0.013137197439580911,-0.01650909004420929,-0.042731244926677424,-0.014457711200432592,-0.01502023801958177,-0.016657445926932447,-0.04201013499518963,-0.015334337996695717
2022-10-01,,,,,0.0008534505682332936,-0.00718628308066807,-0.006454573158777068,0.0004047399222888888,,,,,,,,
2022-10-02,,,,,-0.025340823712240203,-0.006607807798374559,-0.022395315271052655,-0.02385021435055397,,,,,,,,
2022-10-03,0.0321847780436476,0.02620856337378724,0.036539868477846314,0.030441660246468806,0.02177381961999727,0.022267127656809143,0.019875575361258502,0.021366381579307696,0.030449618306372543,0.026208549522420747,0.0365398663536606,0.029674569593352875,0.032260252247734225,0.025931255885526455,0.03675545936341597,0.030479095900830984
2022-10-04,0.02965210942898404,0.0217039045339206,0.029464454384929673,0.026682394485140485,0.024596952998144017,0.02845003090699901,0.017330183060149777,0.024943616352434583,0.028809583357177364,0.021703914896043227,0.029464452584891238,0.02628899597749648,0.029815882262485896,0.022148327466559096,0.02957786915959142,0.026879140318560348
2022-10-05,-0.0032365855896064836,-0.0038605179357482505,0.01330171666038893,-0.005046253513923007,-0.004256612742547319,-0.004550356862714346,-0.011163940853987855,-0.003642161886799346,-0.0034065901150966233,-0.0038605332850008764,0.013301723530709717,-0.005218900956414331,-0.002949611250601032,-0.003815484263169436,0.01341618629316908,-0.004802603573843433
2022-10-06,-0.011450484466690943,-0.008063138142341079,-0.0028825304790325236,-0.012842844241299176,-0.006072386991168044,-0.004106920268230217,0.006745464888963103,-0.005645069398093667,-0.010554134887437125,-0.008063146465612818,-0.0028825285231102176,-0.012576547408891829,-0.01145649824074004,-0.008030775957854506,-0.002070377861306754,-0.012841202048200051
2022-10-07,-0.023496317394339133,-0.01436182921257868,-0.010421970097113958,-0.021068060084311318,-0.004199723701290223,-0.013904282349428693,-0.011925881310039453,-0.0037141242171777836,-0.020280218445497645,-0.014361819041192568,-0.010421969726500413,-0.019678183473654808,-0.023399300522508902,-0.014423549213980983,-0.010402886375824214,-0.021006878977042735
2022-10-08,,,,,-0.0031627007461755177,-0.006687209162967353,-0.019067830132506895,-0.0028979331014714585,,,,,,,,
2022-10-09,,,,,0.010305532644744566,0.0033751300414278694,0.0005099378453117326,0.01025327890312893,,,,,,,,
2022-10-10,-0.0056979257390414656,0.00118979478843497,-0.01632376403313232,-0.003334952857634601,-0.04378364997925048,-0.007924266264729645,-0.10205848229109568,-0.03997332372757033,-0.012045546445742968,0.0011897931005645475,-0.01632376218724432,-0.005838888301652565,-0.005836183965728139,0.0012519735667328542,-0.01701061854933699,-0.0034316386049684337
2022-10-11,-0.0033305028978534044,0.015436216551703382,0.010172688100555948,-0.00036954681311038767,-0.018113253905372405,-0.010255475350523981,-0.02047677102772316,-0.01816061117663819,-0.005794294732439904,0.015436199046205037,0.01017268594198331,-0.0014564245392922957,-0.0034249426189039483,0.015677519018556636,0.009571918428417057,-0.00038630904297852405
2022-10-12,-0.005622661763774912,-0.005286687335247744,-0.0033888916379670782,-0.007333532103762378,0.0017588610791762663,0.0044000763491825095,0.0037441434700016276,0.002072505232955909,-0.004392407956616383,-0.005286700695121503,-0.003388891513564608,-0.006958918991308157,-0.005720310055722012,-0.005360694937877742,-0.003033368507186587,-0.007425873780807576
2022-10-13,0.02967841986663329,0.019832154615261076,0.03575267952387817,0.027856392100176968,-0.016872170705753243,0.0025299393368217083,-0.0342304404176824,-0.015623551263909175,0.021919988104568865,0.01983215094769116,0.0357526757307963,0.02469649730470883,0.029769103875603987,0.01970641907524305,0.03596716299767974,0.02787829275791761
2022-10-14,-0.01841214369489535,-0.011028842790095323,-0.008070843505066051,-0.016061074243467935,0.002402632020752704,0.011721920996241513,0.006974740512235572,0.0040764188350181085,-0.014943014408954005,-0.01102884673350968,-0.008070841927436172,-0.014576881976562884,-0.018270656464746765,-0.011042965393698872,-0.00839245008908006,-0.015947800216937612
2022-10-15,,,,,-0.007131151020167647,-0.016262877736983546,-0.016660345728548912,-0.008396643518337622,,,,,,,,
2022-10-16,,,,,0.011621146466186614,0.006412423277181155,0.015459436316509471,0.010962316352218355,,,,,,,,
2022-10-17,0.0200606025838804,0.01172502465718201,0.010193073376141112,0.01843665008015948,0.011846976355508422,0.01421406549291589,0.031285805671106934,0.011665207745798899,0.018691664879151738,0.01172502724246093,0.010193075581031392,0.017872468221540896,0.01996403718073944,0.011479057866897938,0.010174958721086015,0.018340958131842038
2022-10-18,0.011945856181977303,0.010481112203601121,0.0030344689276248587,0.012169755309380479,-0.015818455509828577,-0.010051038984068044,-0.018451990594859136,-0.01544206904352976,0.007318470900009659,0.010481121912529695,0.0030344674926901277,0.01033531518558109,0.011891648319184635,0.010555379949675339,0.0031202440214786148,0.012153354077681125
2022-10-19,-0.00776157460082436,-0.0076238981704768215,-2.3971914321185622e-05,-0.00912014736193301,-0.02432465924149701,-0.00884149937212051,-0.045227685308007456,-0.022689400402436288,-0.010522088707603133,-0.007623892744464046,-2.3973762581037402e-05,-0.010178561121377053,-0.007780460209942702,-0.007440081422910081,0.00033713552622782555,-0.009136016971425987
2022-10-20,-0.004160841489002482,-0.0027856623993787115,0.0008044812851232436,-0.004579003121433835,-0.002619610516268811,-0.0002505763387172467,-0.030131002764380285,-0.002152988758080098,-0.0039039696602135364,-0.0027856715189572413,0.0008044800563346108,-0.004449009735968879,-0.004053907149751781,-0.0026375419464803743,0.0009115693524923115,-0.004373591805078487
2022-10-21,0.02375712927962149,0.020592495297117524,0.029148410579630742,0.022467059275413315,0.013255302797449077,0.0008277396900360689,0.016987622088387333,0.0120596152614844,0.022006824865926082,0.02059248649762443,0.02914840929790609,0.021653725578912136,0.02386908922043347,0.020700121499246042,0.029213657174754225,0.02254648497784816
2022-10-22,,,,,0.010854355840459342,0.0011066834350459565,0.05401079859508371,0.009530806242673745,,,,,,,,
2022-10-23,,,,,0.019051152137463643,0.013082663984910944,0.007369990463987677,0.018360671065349752,,,,,,,,
2022-10-24,0.008125459137320445,0.017208903641541082,0.01630679528530462,0.009789417638790949,-0.0200393127323265,-0.010394565121908126,-0.031862470282000725,-0.019176457633309513,0.003431330492379288,0.017208891325283835,0.016306797059771467,0.007836674866090024,0.008464042558240148,0.017237202864151566,0.015854093466853708,0.010122816183369646
2022-10-25,0.016802467883056647,0.008093211431451834,-0.0032354931879168152,0.014883911351627175,0.0531888443019373,0.030509913158845228,0.09178607503555877,0.05010235570035207,0.022866863952870093,0.008093224683072118,-0.003235496647330385,0.017262626882225594,0.01661704485534028,0.008046336172138182,-0.0030421064578173684,0.014737619381976083
2022-10-26,0.004962875049564562,0.012336878455008176,0.01747226183326188,0.007102926960770381,0.023395554187381106,0.027013421572338187,0.03049111137185334,0.02341497945405624,0.008034988239200652,0.012336867397791074,0.017472261228880247,0.008316188551514316,0.005148560581000715,0.01240422562599037,0.017481130992472747,0.00725649388980248
2022-10-27,-0.0001484410730095842,0.0013068235752670058,0.0032431828831496886,-2.032486291339332e-05,-0.021055507328959756,-0.01723501234454051,-0.027118506618596157,-0.020517814924400985,-0.003632952115667946,0.0013068211027974746,0.0032431832260633913,-0.00146400998649992,-0.0004171248525369585,0.0010667742683605347,0.0030615455872419805,-0.00027000324318382214
2022-10-28,0.02428404944569426,0.021542348254629275,-0.022608181437408573,0.023256868397016378,0.020022714690651536,0.013115006971557864,0.028312266331604212,0.019374654486133437,0.023573826986520476,0.021542424494040237,-0.02260817610584763,0.022993836999117445,0.02470652889768413,0.023508991460858084,-0.022046660676049042,0.023930610855957414
2022-10-29,,,,,0.016452207047095668,0.010254589563988906,0.01421138603880978,0.015872136131183705,,,,,,,,
2022-10-30,,,,,-0.023401822179841575,-0.011716962041596607,-0.051687954963192215,-0.022187111002605432,,,,,,,,
2022-10-31,-0.007574400264519284,-0.0072852274599665735,-0.0054532680994210546,-0.007096340851556462,0.001297689207573361,-0.0034448910793433364,-0.010367958739022963,0.0011776938914336435,-0.006095718685837175,-0.007236241948896109,-0.005453268447969972,-0.006338639086857776,-0.007429429412529174,-0.007115588472672019,-0.00525246542632363,-0.0069490700739653615
2022-11-01,0.0023824155053552665,-0.0012128671807405784,0.007251745743237616,0.0015245525736129046,-0.004912792959008127,-0.0030632092362127034,-0.009403623757315403,-0.004800179670574651,0.0011665474279613675,-0.0012412481977243342,0.0072517465976295265,0.0009740041969632365,0.0021817655375721764,-0.0011919463235315249,0.0071358474414403225,0.0013835422610684906
2022-11-02,-0.017184054928434216,-0.011331387943012989,-0.017253480816066105,-0.016591111910708813,-0.014486227815160457,-0.017326510426196377,-0.04642644307921406,-0.014510986032712515,-0.01673441707622192,-0.011283741180600444,-0.017253479081710724,-0.016271008742131565,-0.017191464002147272,-0.011476430104574612,-0.017259180513126297,-0.01661279950207535
2022-11-03,-0.0024372190071154628,-0.004991381176400383,0.00048624633666312757,-0.003260386469242338,0.015883857574179074,0.0029247986144765896,0.04639275621103355,0.014254169843051943,0.0006162937564336262,-0.004906748243437147,0.00048624770776576395,-0.0017803248021269983,-0.002192628423402659,-0.004469017929975507,0.001076693519184946,-0.0029690052901266417
2022-11-04,0.01858260290394176,0.014292078447281848,0.010494909541541633,0.016534450070727017,0.0685059505372958,0.04125949883204488,0.07440238210982231,0.06654928322356088,0.0269031608428341,0.014536785839918015,0.010494910241067135,0.020130119453142536,0.018439359713780745,0.014147851146465358,0.010326816830317087,0.016347069225911667
2022-11-05,,,,,-0.00020999726714571263,0.0032685530115902977,0.026803739625887994,-0.0008937977092988204,,,,,,,,
2022-11-06,,,,,-0.03910438366190772,-0.015488976825238782,-0.06126434598614993,-0.03689947603309008,,,,,,,,
2022-11-07,0.007644605369874352,0.013679030532540324,0.022733039000724334,0.006536993815645612,0.00012663336940262884,-0.0126865867417156,0.00803665681339427,-0.0009926745017746889,0.006391610036462396,0.01355154171231436,0.022733035272588974,0.005697662289211134,0.0074424904482445625,0.013295414449917367,0.021905216621184023,0.006267293998588157
2022-11-08,0.0069143443870953196,0.01084258530183481,0.021061374190028345,0.007706542267795667,-0.11677966879638127,-0.08477667199629038,-0.12762194887499012,-0.11343686158787836,-0.013701324476817447,0.010431678974751356,0.02106138183677658,-0.0018606424785066334,0.006890599840048503,0.009919265812211092,0.019505550455437996,0.007554350400021042
2022-11-09,-0.02140736571925811,-0.011796062970171961,-0.024961746663575413,-0.018564967084307552,-0.14533737478270545,-0.12435444894333231,-0.1604949434498839,-0.14320498737759876,-0.042062367229832656,-0.012519617959411153,-0.024961748421944513,-0.028182771367900483,-0.021442534377508638,-0.011927419855564702,-0.024732460965719714,-0.018596613256983686
2022-11-10,0.049564450163136105,0.021965742524270165,0.013047261948899647,0.0435063027027163,0.15718182435819014,0.09717305522382501,0.19697191169633485,0.15205156466067649,0.0675006791956451,0.022680957620454776,0.013047257784414177,0.051641507465023356,0.04906823818412752,0.022109417013559462,0.013089998094851242,0.043082331370361604
2022-11-11,0.011668351522039636,-0.004746109771364915,0.005981505352211173,0.007327646902644325,-0.017450224027057114,-0.031661252291597095,-0.022368374082366138,-0.018559858970845135,0.006815255597190178,-0.004998052834557392,0.005981505689463001,0.004914155320167715,0.011766082362675574,-0.004243934953743844,0.006859921318884524,0.007527058687177132
2022-11-12,,,,,-0.031724200843263994,-0.014742666538532827,-0.0463907569945946,-0.030378537262856383,,,,,,,,
2022-11-13,,,,,-0.03424062873727751,-0.043127769416419465,-0.025171105382133515,-0.036255203211718615,,,,,,,,
2022-11-14,-0.00878482610937268,-0.002478908901884387,0.0025260697009408736,-0.008449893887015326,0.023508344251123928,0.0051624410280364215,0.02156876687045961,0.022659658520763647,-0.003402631049289914,-0.0022785472631017176,0.002526069875961948,-0.006003467370753149,-0.00871933011238718,-0.0022724126685859003,0.002947980691837324,-0.008399898305886963
2022-11-15,0.009768660956136384,0.006783711007679634,0.003251924657020547,0.008874564005616517,0.01477058664012685,0.014307441906072844,0.008133317591649591,0.014870429968796606,0.010602315236801463,0.006885948687334688,0.003251921691193872,0.009388473472603973,0.009660508281907485,0.006892022244797066,0.0035963102417428676,0.008794637207726063
2022-11-16,-0.010351341361087306,-0.0006119024748995423,-0.005367717998698897,-0.007190155091336725,-0.018455154464827008,-0.011479237828826235,-0.030023623396823067,-0.0178457903671977,-0.011701976878377256,-0.0006389606885155669,-0.005367713664148521,-0.007751666374584164,-0.010428760265673959,-0.000908136194382189,-0.005654008857000637,-0.00728552042100398
2022-11-17,-0.0023031547499413737,0.004487498310786165,0.005134419322609166,-0.0020719906196246976,0.005198850055400296,-0.0004271221492660745,-0.01416742429018658,0.005119564649836389,-0.0010528206157177627,0.0044402173300558696,0.005134421045986758,-0.0014988868861041747,-0.0023425512134264666,0.004378665218686607,0.004899112731894219,-0.0021186059239241104
2022-11-18,0.005043184604821626,0.008333466406153713,0.002393817510990057,0.0066000787092373525,0.0022627748098978167,0.004743190137004125,-0.004962174976228971,0.002665926186433805,0.004579782972334326,0.008295735310361891,0.0023938097684521905,0.006446492727115991,0.005028334210513909,0.008373334457285211,0.0025312143018689066,0.006565274827003406
2022-11-19,,,,,0.007957564572855104,0.0108887465454896,-0.0022918204568016507,0.008812234497230863,,,,,,,,
2022-11-20,,,,,-0.04097185663900473,-0.03060012668619843,-0.06828497812593291,-0.04018514119043897,,,,,,,,
2022-11-21,0.0008225379434163571,0.003793307407847555,5.00766381415765e-05,0.0021384742745556885,-0.013766519939743083,-0.010495556091732935,-0.008340457176574393,-0.01245297162142264,-0.0016089717037768834,0.003619550763675054,5.0072983768099987e-05,0.0011022887121243973,0.000961494387500701,0.003871193170731232,0.00023142199431691645,0.002246356819621498
2022-11-22,0.014802864627182208,0.009078131962130982,0.014584750694796804,0.013240683765734564,0.03818765204158874,0.011214286603588898,0.02254250902148947,0.0355375826465326,0.01870032919624996,0.009165804678879367,0.014584749137236017,0.014950995685271386,0.01479060657059904,0.009470055091538174,0.015203477506152297,0.013270487552722681
2022-11-23,0.003386155798051085,-0.0010382055592983745,-0.009077220711255994,0.0029105398622922066,0.046008196482222,0.024585448929780023,0.10426339725678721,0.042907205498821814,0.010489829245412906,-0.000896435154421457,-0.009077219424313356,0.006049408054311521,0.0033518233699895987,-0.0008570616237937774,-0.00855676214944421,0.0028985105040521294
2022-11-24,,,,,0.01047953732323903,0.007556729614376601,-0.0071226017542980165,0.01156303734868833,,,,,,,,
2022-11-25,0.0007421905149644115,0.000762818507566831,-0.001101559503984581,0.0015089767045992244,-0.006553732974283943,-0.0027869575306194868,-0.006097788843771767,-0.0060988144817443225,-0.0004737967332436474,0.0007583605410296645,-0.001101559428049051,0.0009918061003310326,0.000777734216285435,0.0008267801833936942,-0.0010465205097301112,0.0015772691140269151
2022-11-26,,,,,-0.003913906244352328,-0.0033681014768342722,-0.010662635021684408,-0.004143905187633889,,,,,,,,
2022-11-27,,,,,-0.0016151355296764704,0.0022072677094558766,-0.0025026601020584622,-0.0009074432197016915,,,,,,,,
2022-11-28,-0.018420829031751167,-0.009785913903303425,-0.014095852408587073,-0.01661973222064133,-0.017932822384435165,-0.010332502158491678,-0.024878204316564508,-0.017128771000569212,-0.01833949459053183,-0.009804245040657918,-0.014095856483481358,-0.016525167786787136,-0.018464014237522555,-0.009932724636299567,-0.01457740657277126,-0.01668595234105177
2022-11-29,0.004199710872548122,0.0029656662242943813,0.0023131112664225195,0.0038850076833555486,0.016379010998877484,0.010980320863074232,0.009850656054265494,0.016048272500612734,0.006229594226936348,0.0029410749354368973,0.002313111068806573,0.004771115059559684,0.0041629209972062434,0.0030983833816827996,0.002464897164956732,0.003856621650213932
2022-11-30,0.023794226081712402,0.016267928842550575,0.011754119544507693,0.021547969248347953,0.034122282916634196,0.03592072199095636,0.03944387135074522,0.03361197358537143,0.0255155688875327,0.016266129351523776,0.011754120224077489,0.022233421386473516,0.023446970306449082,0.01641469215946299,0.011860899094335957,0.02136590100185507
2022-12-01,-0.0002670937734517388,0.0011417680752643863,-0.003303740976224605,5.56144238543577e-05,-0.02010211654273666,-0.010436741031648468,-0.02763793588668883,-0.019269253719092768,-0.003572930901665892,0.0011345594998713035,-0.0033037404973039293,-0.001443442509086915,-0.00037216128638328165,0.001110811269671718,-0.003226624272989757,-2.498002550528126e-05
2022-12-02,0.0015015822510261341,0.00306144451986224,-0.0009942220510492231,0.001707205240833469,0.00869650707204106,0.006232447684297117,0.006479436125589766,0.00839169620576815,0.0027007363878619552,0.0030581261410637327,-0.0009942226049531706,0.002183186452792645,0.0015668152260405774,0.00326698514559431,-0.000802162053904181,0.0017885843385215807
2022-12-03,,,,,-0.019275456071140586,-0.012153831183289205,-0.0315153290560528,-0.01861815004596774,,,,,,,,
2022-12-04,,,,,0.011134860482354783,0.004218529391444472,0.01454201056679371,0.010179720199745374,,,,,,,,
2022-12-05,-0.017223212605578294,-0.007982483901131375,-0.007599528392148783,-0.015524556180236716,-0.0018791591478292907,-0.004431120394834018,-0.0036432651890609944,-0.0019363362832779485,-0.014665870362620128,-0.007966474028738261,-0.007599527570607297,-0.014310989095578933,-0.01744531221001919,-0.007904426357633328,-0.007138064069976481,-0.01566817364246879
2022-12-06,-0.01234790929014816,-0.010952680893753546,-0.013549330549782485,-0.01013167652966935,0.006433327246687715,0.006731387483064185,0.005735792131690957,0.006298634756464326,-0.009217703200675513,-0.010933475499024785,-0.013549328954090738,-0.008578900602386372,-0.012523677841837343,-0.011136504248014734,-0.013184782098151035,-0.010381771535377402
2022-12-07,-0.0011825738283450572,0.0033159354551433253,0.006751461787083568,-3.0382835040345805e-05,-0.019397341236739144,-0.012532983809239279,-0.043243580181327214,-0.018661935788124612,-0.004218368396410738,0.003304823248622141,0.0067514621331277724,-0.0013489433160360864,-0.0013617904933965923,0.003266309007348814,0.006971854674684051,-0.00019702254444012394
2022-12-08,0.007090693516795498,0.004325490817621497,0.003836316090389471,0.005904858280979762,0.02164816239338476,0.024192232934798143,0.02484890139160911,0.021985025032523527,0.009516938329560378,0.004340911844241587,0.003836315904155316,0.007050571500118515,0.007008718342195075,0.004481886169230409,0.0038795724165883094,0.0059342964189252525
2022-12-09,-0.01023016726281893,-0.016847924296062244,-0.018091201691076246,-0.010571330983761154,-0.005385923408072269,-0.0021647096453001405,-0.0013950850387053294,-0.005340003989235765,-0.00942279328702782,-0.016845912411493056,-0.018091202524049818,-0.010213680059214567,-0.009938708591648077,-0.01671528350504772,-0.018230442752879186,-0.010360925884005789
2022-12-10,,,,,-0.00041431654895387473,0.0008937329787781738,-0.0004741128789141893,-0.0003249823862202154,,,,,,,,
2022-12-11,,,,,-0.012363960479477366,-0.007215903925531523,-0.011616441250740685,-0.012154929605463641,,,,,,,,
2022-12-12,0.01662403157485824,0.0058393074297519105,0.005919543264168739,0.015205142221118786,-0.0025423718663757033,4.2496404948728536e-05,-0.01952656551962262,-0.0020137952984858555,0.013429631001319248,0.005824750842625447,0.005919540481108693,0.013831914375914444,0.016541264932351925,0.005825710412704479,0.005542701568368179,0.015140027488242124
2022-12-13,0.008769632273229215,0.004081132579675227,0.005638486470947192,0.0074273464034329256,0.022912054945997577,0.026716334329918663,0.03818825014103511,0.02257392182146567,0.01112670271869061,0.004090877733332181,0.005638482696641447,0.008465507175010399,0.00848895353031556,0.0042407479644840495,0.00570378858184596,0.0072125391036891575
2022-12-14,-0.008793645194072683,0.00041249397923789904,0.002337744854849521,-0.006984511363839187,-0.010998918446365035,0.01056455225201684,-0.024161857728067546,-0.008632772399778152,-0.009161190736121408,0.00043278966780578457,0.0023377437225452513,-0.007067510370149363,-0.008585575380224437,0.0006064388866230763,0.002638767848203853,-0.006793325801322213
2022-12-15,-0.02158506981452662,-0.015870407328374064,-0.015082959055364269,-0.019558073537084573,-0.0234077154992274,-0.013951491904352962,-0.03436482598910328,-0.02186591818181512,-0.021888844095310084,-0.015856927047844145,-0.015082959991640908,-0.019533133520066328,-0.021371432019469932,-0.015965808895513214,-0.01521458036575641,-0.019404495007907672
2022-12-16,-0.009499489174056307,-0.0056105435279741375,-0.003413312254512231,-0.008956495724021579,-0.08042107349128047,-0.045158484389561944,-0.12209162228254586,-0.0766824815466781,-0.021319753226927002,-0.005646084646640703,-0.0034133099329280757,-0.014204322724896,-0.0093545665216605,-0.005631668795366153,-0.0033438188190835624,-0.008832347873212368
2022-12-17,,,,,0.014197022017520213,0.020247956095229728,0.01666501803633525,0.015129178272042597,,,,,,,,
2022-12-18,,,,,-0.006549228491721326,-0.009512984215255203,-0.013907374087478441,-0.0068921069228943315,,,,,,,,
2022-12-19,-0.006694591923182898,-0.0014184023099422186,0.00017181304082779833,-0.0055193715106535025,-0.030900155037951897,-0.012288103872252584,-0.05038847474358708,-0.028706206703844092,-0.010728852442311063,-0.001418426502635737,0.00017181189381874304,-0.007215794806751852,-0.006443511299197535,-0.0014946981804581877,0.00016385704491717772,-0.005275541530517413
2022-12-20,0.0031792629903663805,0.0012412418513125442,0.002112139623000495,0.0028418525032904308,0.03630442386762824,0.027068839131710338,0.051888370192686877,0.03513969493475749,0.00870012313657669,0.0012596537771352395,0.002112139695491834,0.0052760487471105065,0.0028339955274100776,0.0010865327010547278,0.0019801116818361107,0.0024901359862205897
2022-12-21,0.017830127277777864,0.011470562271151835,0.011760802412395585,0.015755165788506376,-0.003591498772828527,-0.004108653689686168,0.04211147726598006,-0.004420401837565145,0.014259856269343464,0.011456757235205915,0.011760800624395964,0.014059780053815559,0.017743529421976156,0.011477597907784907,0.01168451863307274,0.015663079788283577
2022-12-22,-0.011582264695177421,-0.004567982076365956,-0.0063242829997026415,-0.008775868745552886,0.00618316497357957,0.005800046383274853,-0.007907032466754498,0.006655174065411632,-0.008621359750384592,-0.004549160608576613,-0.006324282225888541,-0.007362030855796613,-0.01110894258316412,-0.004449037669506428,-0.0058956209960130635,-0.008419295728318213
2022-12-23,0.007750029854520149,0.004568165921048742,0.008766139461617011,0.0073780009592771785,-0.0010842824716702953,-0.011027917236534974,-0.005822311241030501,-0.0021655446872876722,0.006277644466821742,0.004539714340526113,0.008766136373513459,0.00665156797912722,0.00762389112851928,0.004503263218662714,0.008325512156499393,0.00720347988933361
2022-12-24,,,,,-0.0009345266149806466,0.0056516686480198525,0.003924943583662577,-0.00046526112484915577,,,,,,,,
2022-12-25,,,,,0.00034347157301206676,0.00034825584018690074,-0.01635645804618812,0.0005123644217300326,,,,,,,,
2022-12-26,,,,,0.01605461149027626,0.0007036883871016068,0.004246180940797649,0.015072410399319633,,,,,,,,
2022-12-27,0.00026554827864285954,0.0012670433785813915,0.0032629245800699807,0.0017382183659782238,-0.011762568229070092,-0.010392496297611893,-0.025345429379162725,-0.011368205291248852,-0.0017391378059759654,0.0012581147567132316,0.0032629241389288233,0.0008629155681078374,0.00046810575834507046,0.0012729736908432413,0.0031033390355449868,0.0018356929875773542
2022-12-28,-0.012808033008290866,-0.010139382969920115,-0.012291122115638604,-0.012262683673615927,-0.027080495320851314,-0.005443288702825201,-0.04610165039829038,-0.02475031726059837,-0.015186776727050941,-0.01013086139471114,-0.012291120154487732,-0.013207627324269066,-0.012510530321909599,-0.009954671291754353,-0.01203934681862219,-0.011976695123503179
2022-12-29,0.013599359712046972,0.006324551563272936,0.0022736991471038635,0.011673024850077561,-0.0006051108231715065,0.0021554788613538873,0.04099513472890968,-0.0013150610194882805,0.011231947956177225,0.006314811511699576,0.0022737003401801354,0.010498142894339146,0.013336120260429992,0.006217142097291457,0.002156061902283407,0.011452028509813642
2022-12-30,-0.0018817762241893554,-0.0004773026600825094,0.004091644324568577,-0.0021293049352259625,0.00041194725546174206,0.0013835669661705714,-0.012325463812564823,0.0008488792217883429,-0.0014994889775808392,-0.0004709472939370484,0.004091645425579806,-0.001941201101802182,-0.0019174050597603376,-0.0006139195805554806,0.003972693661681765,-0.0021572435809613533
2022-12-31,,,,,0.0012423581931927934,-0.000992504862189175,0.009889568115576397,0.0007623976695272177,,,,,,,,
2023-01-01,,,,,0.007755602914296445,0.005176782784515903,0.004943423735810804,0.0075909135138094224,,,,,,,,
2023-01-02,,,,,0.01900434961362503,0.004776311110185895,0.021612916450348907,0.017923135465065475,,,,,,,,
2023-01-03,0.0022509057491670536,0.0004756613624080448,-0.009747948734847965,0.003102360361796839,-0.0027050635667062563,-0.002727275788414169,-0.01359992812331534,-0.0026183437836247493,0.0014249108631881687,0.00048974810054816,-0.009747947220726926,0.0026585012664850894,0.0022341946558451765,0.0003610705451164832,-0.009338893348123576,0.0030858501591912177
2023-01-04,0.018428178719494943,0.008715699857289533,0.006546289227513727,0.01623985344207657,0.037039870961805214,0.005696923537345199,0.20719556337595055,0.03043005320923617,0.021530127426546655,0.008659290360239517,0.006546288415653718,0.017106448338998444,0.01845891172080886,0.008553698405038048,0.006628587242078781,0.016237384483465428
2023-01-05,-0.00679763801193668,0.0018890764194576478,0.01619156438543154,-0.00556352833250791,-0.014915270707060857,-0.008998395418003829,-0.050623219647585316,-0.014168983337176486,-0.008150576794457375,0.0018465204827642328,0.01619156531889959,-0.006243763162203889,-0.007025761834509611,0.00173784625403823,0.016118398826828167,-0.005671382324007326
2023-01-06,0.023249459158050576,0.01498610338729559,0.012561793602708121,0.021764299903767673,0.02399224989900126,-0.004955177589205354,0.12214984105590097,0.01923378323180402,0.023373257614875687,0.014899171972677271,0.01256178912955741,0.021528762579156473,0.023274572774807812,0.015142865002485855,0.012458727987942422,0.02175460664105162
2023-01-07,,,,,-0.0033150493784421474,-0.0036264905766225757,-0.019883416365192082,-0.003048417451154868,,,,,,,,
2023-01-08,,,,,0.02215294241808401,0.018961477597161748,0.014308122750075208,0.022215286720035216,,,,,,,,
2023-01-09,0.00017208903132034817,-0.016837749266755152,-0.029850368461721677,-0.0034338883236397512,0.027339779788495805,0.009841473242930738,-0.008355099863224686,0.026481770079742145,0.004700037490849591,-0.016781657372208103,-0.029850371511776764,-0.0013297679360272806,0.0003475211007136984,-0.016937215023966373,-0.030263620413061125,-0.003480611599493847
2023-01-10,0.007616604974202161,0.0021242087911849243,0.00649669096526875,0.006465950275194318,0.006023627086972294,0.009707906419186703,0.004772475647558227,0.006025837339539135,0.00735110865966385,0.0021333657989238025,0.006496686891760983,0.006324365652037175,0.007686664718796776,0.0018700892928813168,0.006468974495893726,0.006490963351554358
2023-01-11,0.00985384963869968,0.002740031222166978,0.004146722952047231,0.008200709505663113,0.029362723562493698,0.029285033270491263,0.013503899719821582,0.029886129424282783,0.013105328625998681,0.0028137998183963755,0.0041467234140367916,0.009816441546152362,0.009852182227382641,0.0025594856767137465,0.0041248021368043356,0.00813025570898641
2023-01-12,0.007037757028810942,-0.002490634109409434,0.010115509438924222,0.0043408389315425944,0.025749110740923696,0.03517475141162583,0.01935201069791992,0.02587512655102219,0.010156315980829734,-0.002452211663585498,0.010115514247977235,0.005781607501911837,0.007069771794932873,-0.0027481658253605446,0.009917772728821196,0.004287972979115962
2023-01-13,0.003431146425461702,0.0024658710887781403,0.002176316118071804,0.003072664854652711,0.03391595944645198,0.05332498959035252,0.033113460193509026,0.03549456671471579,0.008511948595626748,0.002585872855340042,0.0021763158313938755,0.005502972854334245,0.003502105325396903,0.0025406862327229485,0.002279185631052614,0.0031441828077228887
2023-01-14,,,,,0.034338832142037486,0.0442859215417772,0.04267744552268504,0.034448589623297624,,,,,,,,
2023-01-15,,,,,-0.0026764894860901167,0.0005341499367015824,-0.0033023741575615145,-0.002244496103788158,,,,,,,,
2023-01-16,,,,,-0.004590647914346924,0.008613852602498083,-0.026533619927421755,-0.0032394255538662903,,,,,,,,
2023-01-17,-0.004052224805721268,-0.006745467247470968,-0.011927867137842007,-0.005303184058539652,-0.004905501990651051,-0.004878759585271018,-0.0005457074243953046,-0.0051969280310439694,-0.0041944376698762305,-0.006772094929038017,-0.011927869804913274,-0.0053566690149895665,-0.003603537293518912,-0.006511413059908026,-0.012043473054883212,-0.00494102873461413
2023-01-18,-0.015965505018307232,-0.017287360384850722,-0.015533718343177197,-0.016934920029082017,-0.042835744481502354,-0.031325586584664424,-0.06532354288795905,-0.041608756853315935,-0.020443878262173084,-0.017341417460271315,-0.015533715778929908,-0.018953167838602257,-0.016019763482841582,-0.017518328654633552,-0.015585846275636864,-0.01698713101093075
2023-01-19,-0.007476202030265404,-0.0014011742504367285,0.009675387117316608,-0.005896515496670709,0.02374091325805703,0.019342249127576767,0.015519927034928218,0.02352702732803993,-0.0022733494822116656,-0.0013436414083140699,0.009675393710103375,-0.0035264762648184946,-0.007624383728573999,-0.0014422648076696072,0.009617982216083504,-0.005942688630002441
2023-01-20,0.01531290783669132,0.008670123164966943,0.00628014051306305,0.012908484044722826,0.06451981663484793,0.06265116963990876,0.08507978373645941,0.06315886212397728,0.023514059303050755,0.008727846644135508,0.0062801395792638475,0.016593419847351215,0.015469747955545288,0.008566649913357125,0.006060241420840607,0.012957545228654848
2023-01-21,,,,,-0.009632871913905806,-0.0046006004769866705,-0.03069258612746195,-0.009028682010986569,,,,,,,,
2023-01-22,,,,,0.00994362955139263,-0.0018294574881353013,0.03340244084671106,0.008263116002443758,,,,,,,,
2023-01-23,0.011435710954858267,0.0026536240309198286,-0.002302215723227496,0.007791531153202141,0.020945304673450772,0.01318653039330288,0.0100213346803415,0.021223264457981266,0.01302064324129035,0.0026914419340444908,-0.0023022136186117816,0.008582452688265402,0.011726232489491159,0.002486314400331845,-0.0022419703705130385,0.007891952605500147
2023-01-24,-0.0028834216294746054,-0.002767049897348003,-0.008655896244043034,-0.0026242092695008138,-0.041702126622754424,-0.02483449968405469,-0.0686223975840281,-0.040221200346058465,-0.00935320579502124,-0.0028977784692816202,-0.008655902199122188,-0.005564303945037447,-0.002842533095129855,-0.0027281172183608086,-0.008617088778418477,-0.0025619363423063806
2023-01-25,0.0018486905394841722,-0.0016977981758091658,-0.0009730949012617529,0.0018744822996519714,0.03070596164236805,0.023718029352236818,0.031174941968313833,0.029976054503579555,0.006658235723298152,-0.0016697282076279444,-0.0009730907252519385,0.004058492235841408,0.0016597759903953571,-0.0015786738876421807,-0.0009555296244517393,0.0017212405184651805
2023-01-26,0.008422064284225662,-0.0002872612903615694,0.0024202604709245923,0.005800200881607401,-0.0017370736202734992,-0.00290225514236265,0.005657817072608038,-0.002065777023879118,0.006728874633475803,-0.00031166370236308035,0.0024202584050970464,0.004950707085465961,0.008354186643784591,-0.0003260542256917166,0.0017469715837112104,0.0056776920687258165
2023-01-27,-0.0012064818542402754,-0.006066841938507931,-0.014283072730813275,-0.0019337432162601124,0.010663978155810239,0.013545977656036295,0.00043809229410319276,0.011459698576819876,0.0007719281474348102,-0.0059930931201351,-0.014283074292449956,-0.0009341985579589668,-0.001158235453087072,-0.00612901450603692,-0.014301631502756254,-0.0019509786073964135
2023-01-28,,,,,-0.008871756409081723,-0.004392712204081925,-0.012488962541782,-0.008384198029149414,,,,,,,,
2023-01-29,,,,,0.03185076197963703,0.02355123138796133,0.04827808714783255,0.03024478522437038,,,,,,,,
2023-01-30,-0.01014423915496513,-0.003553519325177554,-0.003055246086915383,-0.008012912413129038,-0.04704284596112843,-0.03309127561360525,-0.062103055975393895,-0.045219928509620914,-0.016294006955992348,-0.0036001419106756207,-0.0030552440763677666,-0.010746351057122376,-0.010294425815914896,-0.003531911900774248,-0.0026274825331157868,-0.008049656792287144
2023-01-31,0.011922802217140906,0.007227309788343058,0.0138939585635299,0.011155010499095414,0.01970616656237656,0.00713718687752328,0.005907002472780239,0.018342124525206366,0.013220029608013516,0.007193863512326852,0.013893962699366845,0.011717797668124965,0.011946318741269172,0.007120955635738395,0.013968073766190598,0.011175627522200636
2023-02-01,0.006518284067217187,-0.01887425642820832,0.0010146017183710469,0.0018416163943937953,0.025797610005811867,0.021021476688476662,0.02126568773356423,0.02508329429461484,0.009731505056982968,-0.018797388965991285,0.0010145895921353932,0.0033692451637073453,0.006535522624957315,-0.018940906707756222,0.0017509838150610603,0.0018433460777796179
2023-02-02,0.00015704536703527584,-0.012125875689574673,-0.025192634577946085,-0.002902774441186671,-0.004085517910096637,-0.00198183335872868,0.005587009322119865,-0.003698927805064817,-0.0005500485124867096,-0.01205687516310627,-0.025192644380473445,-0.003215938053447773,0.00012815598235813236,-0.01165694085057187,-0.024390718740478743,-0.0028638170099804317
2023-02-03,-0.012768350780830776,-0.009491832446839705,-0.0017066045286936895,-0.011870598720272895,0.013795338410564273,0.0019563268154548833,0.017450589634166156,0.012318220391850647,-0.0083410692489316,-0.009386827283672065,-0.0017065741885810436,-0.009805028382334303,-0.012788794403742861,-0.009533458880187268,-0.0014633766184820934,-0.011894037350354374
2023-02-04,,,,,0.0008217074966740399,-0.004850130157438873,0.007373230771747125,-0.00018662997654350852,,,,,,,,
2023-02-05,,,,,-0.021485676165057387,-0.007219964971223597,-0.012371691362064825,-0.01963132238054024,,,,,,,,
2023-02-06,-0.004594982931553284,-0.0013050621687854516,-0.0007527053334715375,-0.0031792903899502865,-0.017506770629490034,-0.010890642469718157,-0.02087462628378611,-0.016759852012481993,-0.006746947547876076,-0.001308850823586675,-0.0007526877349204795,-0.004058095870200108,-0.004610411264529791,-0.0013611614421909877,-0.0016455522906959265,-0.0031911561073872975
2023-02-07,0.010953461048114671,0.008855094014687431,0.013605150158217741,0.00895886462534366,0.038691178326306426,0.03037776109966916,0.043470109064437226,0.03797480743016528,0.015576413927813292,0.008966571341300222,0.013605153574008976,0.011029847145370864,0.010966378735590497,0.00875581224112221,0.012971805184287435,0.008965244301224098
2023-02-08,-0.009564990182089908,-0.00748388932092144,0.002111312774702629,-0.009300737414076556,-0.015035624875278054,-0.00044742450655855685,0.0005693703448073264,-0.013016842172604983,-0.010476762630954598,-0.007366140195198021,0.0021113022385740774,-0.009623524552241546,-0.009560669130224063,-0.007927476669873009,0.0017794994532352542,-0.00937661611639741
2023-02-09,-0.00969477310696571,-0.001542801406038155,-0.0030533682390305856,-0.00852695032876882,-0.05771134865422327,-0.05538627129533332,-0.06832512973955988,-0.05729023634241046,-0.017697535698175306,-0.0018204115273044233,-0.003053357688783855,-0.01231176906187143,-0.009768023637986156,-0.0017593148015615915,-0.0033602439725243538,-0.008649038071203685
2023-02-10,0.00760192629547806,0.012090076435289985,0.018646691264561248,0.009923732216833831,-0.0009264932442613171,0.0006831987159208453,0.009539973698147165,-0.000566885899303368,0.006180523038854832,0.01212142563456535,0.01864671259364605,0.009325484855483684,0.007545330302918707,0.012212526049264755,0.018428583253178706,0.009910863859887232
2023-02-11,,,,,0.011119083825479525,0.00903021066977585,0.013064050072219889,0.010519419917834468,,,,,,,,
2023-02-12,,,,,-0.014240155531741516,-0.0018940837109825807,-0.007577372611541856,-0.01302165038132401,,,,,,,,
2023-02-13,0.00875099441629904,0.007827559309064348,0.008586282246983141,0.008133634621577875,-0.0031842224978953057,0.012675742750234907,0.010477340020149292,-0.000979252257996791,0.00676179159726665,0.007920796734521085,0.00858627020557685,0.007324412000231245,0.008573893379164584,0.007506045327970238,0.008791644114409669,0.00792145301544378
2023-02-14,-0.000643929332159083,-0.006790581999498968,-0.0011255891336756341,-0.003176017693494518,0.029872183904632737,0.01828347562409897,0.02082942515621743,0.028600127230887073,0.004442089540639553,-0.006644353668869008,-0.0011256151758891535,-0.000819197925362031,-0.0005974294861112804,-0.0067413523993364866,-0.0006509326062554819,-0.003149248058038277
2023-02-15,0.0002892134172157811,-0.0004981520367400367,-0.010345844729471646,0.00013173886013644824,0.06536374685986238,0.07944408955160039,0.05976895115026668,0.06589022987021302,0.011134968990990214,-0.00024237006477220946,-0.01034583356445836,0.005250983109702351,0.00031971077239427014,-0.0003973722834717404,-0.010250279911971603,0.00017924499576201197
2023-02-16,-0.01393944574150931,-0.013139621502416812,-0.00832876903447608,-0.012553268148198845,-0.0437863949888458,-0.04025185075109098,-0.05257854923505828,-0.043753910194934846,-0.01891393728273206,-0.013365880163001055,-0.008328770194717209,-0.014941111394290711,-0.013980766562676846,-0.013172598876550244,-0.008161009806220988,-0.012606078903152509
2023-02-17,-0.0027721399648127053,0.01373806381806182,0.0084275403638723,0.0008818404096226091,0.04882788616562266,0.045858826121578614,0.05192203631913429,0.048301994322816386,0.005827864390259856,0.014012461091163567,0.008427506072304063,0.004965363226406672,-0.003024526532741999,0.013427045269137312,0.007548555287189373,0.0005890292656020904
2023-02-18,,,,,0.007887810379065562,-0.0002706305103925583,0.0009532336921527172,0.006985985154288606,,,,,,,,
2023-02-19,,,,,-0.010708115017883579,-0.005570418584270202,-0.000644489696752799,-0.01014850558680019,,,,,,,,
2023-02-20,,,,,0.025052763815127686,0.02126570381305164,0.02530301244383745,0.024980572052049784,,,,,,,,
2023-02-21,-0.017502776074307804,-0.004580133350054102,-0.008586208478955621,-0.01494854868962716,-0.01918195592707385,-0.02399336030477199,-0.027405365162049125,-0.01954124658843391,-0.017782639383102143,-0.004703212421980003,-0.008586194085531136,-0.015094253477970287,-0.017537711822032346,-0.004778680130193825,-0.008986788796879731,-0.015025584253348637
2023-02-22,-0.005551258644505817,-0.004472852165715031,-0.003929983759162425,-0.005730060348764719,-0.0074326139069554225,-0.005876509673840779,-0.0056896301779647395,-0.0071093099179463165,-0.005864817854914084,-0.004490684384216721,-0.003929993548004353,-0.005871071804948271,-0.005636152314660939,-0.004482835200324249,-0.0040064749238251885,-0.005813381279251283
2023-02-23,0.0054789650955139645,0.0026518958817970716,0.005138916952713133,0.0030084872572097364,-0.011735816425103697,-0.004567794457528454,-0.0045590456734077,-0.010871346893484886,0.002609834842077689,0.002631855252156397,0.005138924363223711,0.0017732479247993794,0.005765674425194815,0.0027048537028466343,0.004834815733887669,0.003187886657167187
2023-02-24,-0.00947722361510689,-0.006888872286381118,-0.005842587476637068,-0.008243937867917819,-0.03497155614609792,-0.02853416841160188,-0.03299118667562373,-0.03385055021088219,-0.01372627903693873,-0.006966779721439792,-0.0058425903524707695,-0.010169059434041323,-0.009557866656674052,-0.00703896148247988,-0.0058404949842768665,-0.008365202757859094
2023-02-25,,,,,-0.00247534121806664,-0.0006656168306987038,-0.0022266171205178663,-0.002248371234039501,,,,,,,,
2023-02-26,,,,,0.01773477469464306,0.020217812975122446,0.02300745085820085,0.017880975637574327,,,,,,,,
2023-02-27,0.0017761100564900143,0.0003616534716862839,-0.0012205394655596855,0.001022014676885563,-0.004616748672202597,-0.0016455618816218348,-0.0027959162701555176,-0.004357732551371567,0.0007106336017079125,0.0003426684389287671,-0.0012205388109713818,0.0005281532111423325,0.0017751272870192576,0.0004308654080958564,-0.0009037826999115403,0.0010317341203353579
2023-02-28,-0.004292925502667183,-0.010966029640955655,-0.020346393970326775,-0.005513349093760335,-0.012715198199124325,-0.0115494078153261,-0.006747457804199783,-0.012152918842574714,-0.005696637618743372,-0.010966029149477823,-0.020346397641175653,-0.006167632744634061,-0.004237513209530764,-0.011006252291360163,-0.020440328692606462,-0.005445626776047523
2023-03-01,-0.0010580319937396523,0.0002017374535670658,0.0033475582507001512,-0.0015139739121667062,0.026136329455374235,0.017745193337095958,0.013302450177127391,0.02490129751353638,0.0034743615811126615,0.0002017371004925982,0.0033475603577281295,0.0006074877320914967,-0.0012035640638052923,3.714622019079721e-05,0.003337183096177983,-0.0016197593223292609
2023-03-02,0.01196363459680069,0.005964795802353545,0.0038737502718177268,0.010363342677727365,-0.010070787872863439,-0.0055431362228693095,-0.003562325797936077,-0.009802881993444982,0.008291230851856667,0.005964794043473333,0.003873751443155178,0.008622507469458677,0.012099930072995275,0.005972789409417761,0.0038631672692702713,0.010479328322508776
2023-03-03,0.013041698662887865,0.003982567872102221,0.004251535561140662,0.011922211422285897,-0.022607444872867956,-0.04246899741521557,-0.0356853379605896,-0.02415336672592779,0.0071001747402618985,0.003982568066735573,0.0042515336107909335,0.00901732536757489,0.013054602088182123,0.004074318362435922,0.00418990663259154,0.01196430642668107
2023-03-04,,,,,-0.018808995630489187,-0.003241831037480014,-0.007825083194876965,-0.01724565819838335,,,,,,,,
2023-03-05,,,,,-0.001995698481330155,0.005756169985888727,0.007627807245548669,-0.001364934683395697,,,,,,,,
2023-03-06,-0.001808663736776781,0.00942988103814847,0.027691872975296686,1.8586783728897198e-05,-0.00392180502006011,0.0007672904325031184,0.001731732262661112,-0.0031163983758413683,-0.0021608539506573357,0.00942988171836793,0.02769187782745326,-0.00012388198855220104,-0.002015696855466644,0.009416773725193447,0.027824748354957234,-0.00019728098751043086
2023-03-07,-0.01716608729068231,-0.010728091224026974,-0.004110236606895344,-0.016709043781647632,-0.008894546655637114,-0.012554400534350623,-0.01719354599454469,-0.008703491689595527,-0.01578749718484145,-0.01072809040807652,-0.004110232636829208,-0.01604368609947436,-0.01720259853431321,-0.010755519674762376,-0.004042203452577915,-0.016792661988034776
2023-03-08,0.0031917270516937163,-0.006833188762799805,-0.01943546440474876,0.000894564388172159,-0.02721030306671051,-0.019420151428913682,-0.01707748926346031,-0.025195600539487602,-0.001875277968040321,-0.006833190268628554,-0.019435460647061316,-0.0013461740324077535,0.00337286284729892,-0.006844720849390964,-0.0195292453175757,0.0010219238572808458
2023-03-09,-0.01731871782501915,-0.011430964537830705,-0.008713883451149821,-0.01604083747309875,-0.06062363391736244,-0.08015499576878676,-0.10210144377664536,-0.06294524634394809,-0.024536203840409703,-0.011430964594780088,-0.008713885716467902,-0.019679670687725706,-0.01717720112076994,-0.011406984526701372,-0.00868348929563829,-0.01588829692522981
2023-03-10,-0.013042274760361034,-0.0033626264109451872,-0.001803304569153855,-0.011163888103410126,-0.004351473976778365,-0.012519125588712593,-0.015567658787415615,-0.005695225504958955,-0.011593807963097256,-0.0033626246513785386,-0.0018033037523111774,-0.010591507544669327,-0.012864046576599073,-0.003270974915414451,-0.0017614452903066508,-0.010958600963974281
2023-03-11,,,,,0.0018321938898936076,0.026404354717233385,0.030088794728064645,0.004638774567562486,,,,,,,,
2023-03-12,,,,,0.0674362877377666,0.08166392954884809,0.09148984509891958,0.06789093326612572,,,,,,,,
2023-03-13,-0.0035160180638044687,0.005752548646103388,-0.014672736964617983,-0.0010797598066229072,0.043876827588640886,0.06927407462896636,0.03903497591766924,0.04456081262230416,0.004382789544936424,0.005752548048012626,-0.014672738853334017,0.002666813228573175,-0.00284509087965488,0.005748516464894734,-0.014706636094492418,-0.0004203135428550971
2023-03-14,0.014545495217757273,0.007204959365418266,0.015422107374260245,0.012482149458964191,0.020163527323838592,0.01249909442706317,0.0005482919019829339,0.019052343684212842,0.015481833902104157,0.007204961209527449,0.015422111807755438,0.012890468113307147,0.01444169155579687,0.0072752426579981875,0.015460079879700873,0.012342196890811948
2023-03-15,-0.00968814247115212,0.0043919585078885754,-0.006633474056904824,-0.006615735841344242,-0.05192990719788017,-0.02011463520134465,-0.030548536430700914,-0.048580157739844546,-0.016728436592273462,0.00439195792676426,-0.006633468457208131,-0.00985008284233158,-0.009048163247289026,0.004492854566053875,-0.006454961713280068,-0.00606720897556803
2023-03-16,0.01420064899894593,0.0013632871881963406,-0.0011192826645571661,0.010385355181348895,0.018210966972107202,0.016333058536860373,0.0017928896777735432,0.017445238930250285,0.01486903532780614,0.0013632887596875714,-0.0011192747604348908,0.010721936426206372,0.014192248701687782,0.001419417492842551,-0.001151820584842186,0.010348661249537115
2023-03-17,-0.012241012240181462,-0.013377935790232024,-0.026613569361319745,-0.012528148410369023,0.06565744021574993,0.07024193347347922,0.039619469524940665,0.06411905232413276,0.0007420631691404371,-0.013377935394478065,-0.02661357105569686,-0.0065231475300678455,-0.011775067137061761,-0.013380708336563562,-0.026667195057138,-0.012061713055462957
2023-03-18,,,,,-0.022695728368747784,-0.021620837165653405,-0.025578036673989387,-0.02357697258972117,,,,,,,,
2023-03-19,,,,,0.028497063352154364,0.028645836351766627,0.013829794966166492,0.028197777871647765,,,,,,,,
2023-03-20,0.011381656021337803,0.013408923538375302,0.019607930041418014,0.012011057022702745,-0.03439950547262127,-0.01611101652366861,-0.027527755084697198,-0.032329674897519436,0.00375146243901129,0.013408922387548984,0.019607925429081737,0.008542909447100084,0.011234534782943556,0.013414255084484997,0.019583843025144886,0.011848711349079354
2023-03-21,0.008352348230895297,-0.0012294953567444727,0.005411854244634802,0.00571228252071555,0.07619108897481006,0.02197524007345458,0.034062941748851716,0.0740548164620026,0.019658805021547755,-0.0012294951427114927,0.005411844395535488,0.011091379214653599,0.007782642486603523,-0.0014035717832567246,0.005297837613923863,0.005171221685863993
2023-03-22,-0.01994875486296806,-0.01499048146842463,-0.014228057819813983,-0.019253913254289573,-0.049332456400027216,-0.06390540483922785,-0.10523533382957016,-0.052488227483327723,-0.02484603845247792,-0.014990480205237428,-0.014228056698050525,-0.02186415605946406,-0.01962820330390833,-0.014971356012879702,-0.014183607949483845,-0.019003716137665452
2023-03-23,0.0017877909140547074,0.005908921683065767,-0.0012027252715281233,0.0011224370584166938,0.04653891872498438,0.0598286763557804,0.08707530647380629,0.04854979875031814,0.009246312215876316,0.005908921584473228,-0.0012027232395765378,0.004768522458288921,0.001895098317331238,0.005786438759708284,-0.0011979105859052078,0.0011917893239772603
2023-03-24,0.007631212702629167,0.01610047121057733,0.005851954332155769,0.01010394540287439,-0.027248347242557584,-0.028913771097256506,-0.027979043736180053,-0.027686924342991352,0.0018179527117647087,0.016100471948234992,0.005851953341802718,0.007292257048486685,0.007793275315819434,0.016137370211972618,0.00585832216532169,0.0102880660018182
2023-03-25,,,,,-0.0020463756958890474,0.0019028337020761065,0.0036984062942038683,-0.0005060143151221956,,,,,,,,
2023-03-26,,,,,0.013712003864556753,0.013742999131556525,0.008205526282817711,0.013356030111468327,,,,,,,,
2023-03-27,0.004297343942389522,0.0056146603755993785,0.01700654538177089,0.0046554142360260104,-0.019250616939979114,-0.021771689336126356,-0.011162373533526782,-0.017537945550235263,0.00037268379532808254,0.005614660376339257,0.017006546719121673,0.002936613585637458,0.004029071152371637,0.005630866254639453,0.017028493993452472,0.004424651873956156
2023-03-28,0.0015994860897350029,-0.0014286415716351553,-0.0035051719734625515,0.0017036550634402466,0.02988053761945489,0.006958503520529088,0.01081614442242625,0.028567672305910632,0.00631299467802165,-0.0014286418953949314,-0.003505171646985116,0.0039387525400327635,0.0015101813558614078,-0.001475438623814027,-0.0036255719546514397,0.0016437991199983733
2023-03-29,0.01557046620206545,0.00655318134533349,-0.0006013187964139946,0.01366119497987892,0.02862273797752435,0.023636821623931256,0.0031619451759577204,0.027967593641061737,0.017745844831308602,0.006553179705796216,-0.0006013253175108774,0.014719632036480221,0.01545581358543794,0.006561449634224899,-0.0006606376690643039,0.013566185451609187
2023-03-30,0.004909293457587829,0.004812881407234432,0.00774080501075399,0.004329724503227959,-0.00176075907499288,-0.003233877333017233,0.006017517503497689,-0.0010468684552738694,0.003797618035491044,0.004812881100730837,0.007740805856063323,0.0038746285848875366,0.004960976467892704,0.004746341064601055,0.007760212717701185,0.00436617253642355
2023-03-31,0.01245554165487161,0.006907136445204926,0.008993446965588046,0.01164580576059253,0.02249685501481828,0.014600329485494182,0.012280124823089083,0.021976367375475522,0.01412909388152939,0.006907136806179954,0.008993439083349633,0.01239918578212909,0.012445012530941709,0.0069218235814016765,0.008498875852765831,0.011641547790875043
2023-04-01,,,,,-0.004093416876705502,0.005081535785650883,0.01868447557180045,-0.003830119082872188,,,,,,,,
2023-04-02,,,,,-0.007162079471210981,-0.012915120597479977,-0.022889786979284427,-0.007561197460932566,,,,,,,,
2023-04-03,0.006940014431519134,0.010707034741651368,0.023207509299510654,0.0072965182860103145,-0.0018588488543411661,-0.006940690305040795,0.00687472136753373,-0.0021006933101401443,0.005473537217209086,0.010707030382293717,0.02320751850616416,0.006590865208993778,0.006688442742800104,0.010583678320005226,0.02493780813411642,0.007105564717456483
2023-04-04,-0.005064090563162217,0.005527992193265733,-0.007224331339526712,-0.0029880464279577338,0.008769344303898264,0.008903968933377755,0.0003345685821408012,0.00802611548072929,-0.002758518085318804,0.005527988314720075,-0.00722432526985386,-0.002056137756532181,-0.004949807678886797,0.005458202593330047,-0.0072079459973420044,-0.002934103260502748
2023-04-05,0.0037000673038339793,0.015107123717085792,0.02108002771385824,0.007048471217889534,0.004589962586101925,0.0019806283157595976,0.004955689869292399,0.0046199694292042995,0.0038483831842119694,0.01510712144867176,0.02108002430472949,0.007132918941939571,0.0035828084412597746,0.014938984498009922,0.02072641818793516,0.006882426761345411
2023-04-06,-0.00016101982917674727,0.00021109692095660414,-0.002843900169250414,0.00032882152603081605,-0.008989619099706548,-0.00312799031676023,-0.0001664600473346027,-0.008322755857457311,-0.001632453040931714,0.0002110973965945527,-0.0028438947289736176,-0.00030315958576447686,-8.078919438283053e-05,0.00024113684773477022,-0.0033030588092741414,0.00039088415267715996
2023-04-07,,,,,-0.0007157523707202245,-0.0026448412769595896,0.0002270185175645665,-0.00041411440302246234,,,,,,,,
2023-04-08,,,,,-0.007581287504680157,0.0007216021762306432,0.0006049447925895172,-0.007139135730967337,,,,,,,,
2023-04-09,,,,,0.008575166111636202,0.011576104354961581,0.007543159882891007,0.008552225210300135,,,,,,,,
2023-04-10,0.003514247817485643,-0.0013148736888957885,-0.0020773870482770564,0.0019860024383657306,0.023579695263970035,0.03373230901931798,0.010262265981658735,0.023601501477669477,0.0068584890585663754,-0.0013148735432095837,-0.00207737331131219,0.003602321649062677,0.003463447967507732,-0.001419071127030945,-0.001791379129263411,0.001963163089923781
2023-04-11,0.002569206481788522,-0.0005783787568184872,0.0003338410291648655,0.0023280918086952588,0.0038228605318978985,0.007932573892460196,-0.013425230022953849,0.002977086865786848,0.0027781488234734186,-0.0005783790608796176,0.00033383811604010747,0.0024162890684654983,0.002551009205575679,-0.0004976218044067677,0.0005292628465932436,0.002351475272630726
2023-04-12,-0.002221933994919998,0.0010032220653384543,0.0035140295753575148,-0.0013449986285108209,-0.0047451783135010975,-0.009541119529456604,-0.021164485206505858,-0.006090815210310909,-0.0026424747146835148,0.0010032238165885831,0.0035140422191665853,-0.0016345772175261535,-0.002302563045979655,0.0009650824089351723,0.0036395894056124507,-0.0014152368618668499
2023-04-13,0.006972895720065671,0.009253664482811,0.012350654942994532,0.007295407717662096,0.023349721921274248,0.007114351285671495,0.004352149183021018,0.021457212544832644,0.009702366753600434,0.009253662874812529,0.012350653721194213,0.008391536915801133,0.007012755182815948,0.009121028332727052,0.011958856892165649,0.007289521955099194
2023-04-14,-0.005796901834398556,-0.004260348813534515,-0.0008811567939896384,-0.006004582908226627,0.015352888933841126,0.006983390955117676,0.014530850392202357,0.015236303629871377,-0.0022719367063586088,-0.004260349420336917,-0.0008811512614227738,-0.004327653047842029,-0.005682460882509552,-0.004253588685747756,-0.0005555935131918717,-0.005896215218186411
2023-04-15,,,,,-0.0004410469546381692,-0.004916377958262658,-0.003878781936080494,-0.0006889249552735025,,,,,,,,
2023-04-16,,,,,0.007813593645352734,0.0028872926647657117,0.00834836220653056,0.007708382869672107,,,,,,,,
2023-04-17,0.00501314190495388,0.0003563195183312663,-0.00016623350809290153,0.004531683652211438,-0.023954347127940978,-0.022633089596299134,-0.011539824760441176,-0.023453614603192056,0.0001852270661380701,0.00035632026519614914,-0.00016623514308783765,0.002289898817381859,0.005009379919074988,0.0002923056978262735,-0.000650084789497313,0.00452185929321332
2023-04-18,0.00031857017390728875,-0.0019661063010676487,0.004519937348970269,-0.0006529201108603212,0.02048926563833755,0.026162394187705423,0.014866843976229853,0.02095671225000819,0.0036803527513123322,-0.0019661052405153243,0.004519938362926185,0.0009503258051003301,0.0003377810237534699,-0.0019516619957195933,0.0052287061353512385,-0.0006090830397206411
2023-04-19,0.00215018613987956,-0.000613377143027005,-0.0017644851454883602,0.002259348834234449,-0.07030638123951992,-0.0383148697343899,-0.01367546796859705,-0.06700023893768875,-0.009925908423353686,-0.0006133738681973185,-0.001764490211321651,-0.0032971121931901592,0.002206154824485339,-0.0005648721335727031,-0.0019294783431224466,0.0023189976714856893
2023-04-20,-0.006963271769652834,-0.005032768222942808,0.0012321389487762325,-0.006986750900419674,-0.016593825169400268,-0.01527099888857151,-0.00662121724537494,-0.01635443733420804,-0.008568364002944072,-0.005032768495485939,0.0012321369227185305,-0.0077894027335405815,-0.007466272640583582,-0.006400578271950451,0.000808028760319632,-0.007694315710576124
2023-04-21,-0.0010172047667623982,0.0056074504702269875,0.011985430325757229,0.0007054889015034111,-0.036250648570689395,-0.024396603912142937,-0.006298362200304769,-0.03473228251213645,-0.006889445400750232,0.005607448984846918,0.011985415971279395,-0.0020340294351428,-0.0009287438394548467,0.0059281334508227024,0.011194622748507306,0.0007889162802978831
2023-04-22,,,,,0.027746816801226506,0.018652285486276367,0.01652272558204466,0.026704579154191825,,,,,,,,
2023-04-23,,,,,-0.011357535930528784,-0.0020280494119898442,0.00911085111286805,-0.010006131032424667,,,,,,,,
2023-04-24,0.001757089349559311,0.0017032739447147157,0.006560537945783543,0.0018092097920016932,-0.006202409007347477,-0.004396565324986477,-0.008053649278402028,-0.006007500194505135,0.0004305062900748464,0.0017032750429071186,0.006560539531233647,0.0011821469740223264,0.0014789270920547402,0.0011234850326441947,0.0071256319070837435,0.0014735663587954917
2023-04-25,-0.014954209205319131,-0.0002794787911383479,-0.005319402591324489,-0.011657475201801524,0.016867220618823685,0.016880702312644488,-0.004188163310319498,0.01613950622590843,-0.009650637567961994,-0.00027947701091917944,-0.005319391892935775,-0.009203403406654518,-0.015262209824809766,-0.00033568655842046007,-0.005462676809883866,-0.01199333930882412
2023-04-26,-0.012476823412631973,-0.019492162475908698,-0.021593599376088405,-0.014371706010584656,-0.012759860883439278,-0.001026221437728099,-0.010324455411787071,-0.01205692508408944,-0.012523996324433188,-0.019492157904176972,-0.021593604993573837,-0.014380035020715522,-0.012737831583072835,-0.019251343618214973,-0.021212500706570315,-0.014572273679024299
2023-04-27,0.01466191302179606,0.005082165713313971,0.009474275308484124,0.012528413480406397,0.014932648311098052,0.027211290178217003,0.00937360622372621,0.015039372392866814,0.01470703557001306,0.005082154224343431,0.009474293112696609,0.012494180388254875,0.014971963453356642,0.0050818971071283445,0.010069217169602124,0.012835110347646896
2023-04-28,0.009482238561268223,0.004415964262109881,0.004196333916559868,0.007396179105136579,0.003736322462608444,0.0019994930060303426,0.013922306004232136,0.004313564999642409,0.008524585878158259,0.0044159697887463205,0.0041963334279466425,0.007058405257173371,0.009355072176480267,0.004376839126649288,0.004248504722480135,0.007282237373836024
2023-04-29,,,,,0.005886241885930077,0.004843065106298862,0.01939730825310088,0.006418756992565014,,,,,,,,
2023-04-30,,,,,-0.013803832708956977,-0.0037096974238091424,-0.012788594577255532,-0.013039447816962556,,,,,,,,
2023-05-01,-0.0034225665792960943,0.0012189816261351596,0.003748997404511164,-0.002800440330911631,-0.017095930932513506,-0.016715608468524552,0.010963232854680809,-0.01611703691260122,-0.00570146063816566,0.0012189865586317771,0.0037490132830812757,-0.0038560739055599185,-0.0033559889124697333,0.0013125885091807737,0.003981455228420755,-0.002711863064599235
2023-05-02,-0.01668205447422317,-0.007340222775859468,0.0010246668163143196,-0.015466585569057379,0.01303856664680343,0.016699446392754308,0.012016567605831112,0.01326021740499156,-0.011728617620718739,-0.007340223599459229,0.001024678791153498,-0.013162130250945417,-0.01669459403792052,-0.007198360767904833,0.0014264018546201922,-0.015431432009755282
2023-05-03,-0.01221749617771301,-0.009197987420144542,-0.013423408974216235,-0.010771559416073702,0.007033688642077719,0.006593720308916595,0.0011245601077619028,0.0064922622586701785,-0.009008965374414554,-0.009197994684383572,-0.013423394785434556,-0.00925638147598562,-0.012416584174242365,-0.00927171314162437,-0.013118426120705712,-0.010910058400665652
2023-05-04,-0.005351289952589209,0.0005239460991735266,-0.010255564527343483,-0.004013166975614919,-0.010527365221955643,-0.001972786309569404,0.0017580733642164196,-0.009441979908603296,-0.006213969164150282,0.0005239431149148587,-0.010255568884042615,-0.004411802596414287,-0.005468637198706822,0.000402043031973082,-0.010172728634925883,-0.0040725202316627875
2023-05-05,0.017515249613176284,0.010978867025233473,0.010485551442088766,0.015603472320111767,0.020691646115858102,0.022977203855963777,0.019218013538816976,0.020699125873505433,0.01804464903028992,0.010978871845130245,0.010485545880251464,0.015895165048708908,0.017402388784402877,0.010866522297359092,0.010277532571891457,0.015449246158818843
2023-05-06,,,,,-0.029721123498456306,-0.016520320654892968,-0.017744820682161898,-0.028104322201918597,,,,,,,,
2023-05-07,,,,,-0.011481109989431838,-0.014778589774499314,-0.011777534782231413,-0.011666121636340373,,,,,,,,
2023-05-08,-0.0006943661313251728,-0.0003045598359807978,0.0026503855421845884,-0.0013590428472044255,-0.03585792627868483,-0.021206565736992897,-0.02226475782314139,-0.03462418669718472,-0.006554959489218449,-0.0003045606858274608,0.0026503876520507586,-0.004171313601688487,-0.0006199383134421679,-0.00032267721379997496,0.002794317660468664,-0.0012773147128265453
2023-05-09,-0.004258718762879401,-0.004630730901357444,-0.003685790289222405,-0.004052371525509716,0.016064871833109975,0.0029757193513229216,0.01243022812051439,0.015162272768839089,-0.0008714536635478388,-0.004630730029727535,-0.003685790024377696,-0.002429786221707178,-0.004177037182405239,-0.004624924998804898,-0.003807664884538927,-0.003985621438185186
2023-05-10,-0.0017783329876314969,-0.000502463442735244,-0.0030763986311604504,-0.0015043533983191792,-0.0016382682780426987,0.0011364542645317072,0.006135319251102261,-0.0016639734570296494,-0.001754988869366697,-0.0005024659124112889,-0.003076400222477677,-0.0014852927697461917,-0.0018185268263994307,-0.0005210106519469263,-0.0028924979652217514,-0.0015418469529761565
2023-05-11,-0.008972948417903201,-0.0015930927278402245,-0.0033397457737537623,-0.007805847319906969,-0.02088555232312441,-0.022894991098820122,-0.020485973753772695,-0.020385474268712858,-0.010958382402106738,-0.001593086825620478,-0.0033397410684265862,-0.00870041559031208,-0.009009755800800387,-0.0016601774706556476,-0.0033480657581098647,-0.007849550665798725
2023-05-12,-0.0008388740546909412,0.0014243363165818924,-0.003205181061764188,-0.0001669203283031603,0.006633145413243956,0.0040202306935642074,0.0159917921272284,0.0068478242983533435,0.00040646252329820854,0.0014243381937652489,-0.003205183748271423,0.00041675243512121727,-0.0008362815831335636,0.0013794568699507502,-0.0032008201216451736,-0.00018517389092925624
2023-05-13,,,,,-0.006690148368844429,0.0010723209037000355,0.0030108610666560016,-0.006063950534512638,,,,,,,,
2023-05-14,,,,,0.009488724033330365,0.0033667756864417,0.006799160222331352,0.009033486822930599,,,,,,,,
2023-05-15,0.004566875681341904,-0.0028964553364051082,0.004507109546473613,0.0024450667287240287,0.008324650956111014,0.010430890155318302,0.017359869029378132,0.00842401994880723,0.0051931715604700895,-0.0028964560406275343,0.004507119644337049,0.002745530204751416,0.004731207143109594,-0.002894077171960146,0.004323188980815589,0.0025751557630478254
2023-05-16,-0.01596931677803586,-0.014942152359566209,-0.0070228152230164455,-0.016625509379446388,0.008422101567971952,-0.0015402079837402035,0.009127220516441579,0.008000826787844108,-0.01190408038703456,-0.014942146883081386,-0.00702281106811303,-0.014620920444939407,-0.015977971664717067,-0.014786248593976904,-0.006925363093332632,-0.016639258761198514
2023-05-17,0.012319075380388223,-0.0013292088822542776,0.0029326568642216305,0.009335428234252076,0.014914573072979954,0.010717840064684016,0.013333308364867518,0.01437297727922891,0.01275165832915351,-0.0013292099813884976,0.0029326584389272907,0.009604334936665621,0.012468802774336119,-0.001478281587349611,0.0026032832680651756,0.00941348847059244
2023-05-18,0.0058853739811349,0.0007895365958852711,-0.00027016472611174087,0.0035031991950141205,-0.011625633084243761,-0.016387379232472684,-0.015063438557417121,-0.011506345456015121,0.002966872803571791,0.0007895359429741704,-0.0002701661874252686,0.0021046051349335048,0.0054442248107036025,0.00039556567776638746,-0.0003732177851917403,0.0030859515395567313
2023-05-19,-0.0024750102388178584,0.00037703223105790254,0.005978842639269168,-0.0015511443208669191,0.003288349523594647,0.0036278759966956076,0.006871734221876698,0.003650223875729082,-0.0015144502784157738,0.0003770366843596072,0.005978843600124928,-0.0010407061765793388,-0.002394849134768093,0.0006034901927373541,0.0060995243933083115,-0.0014838277934437127
2023-05-20,,,,,0.0049119396708774635,0.016394669016225372,0.024485516982500958,0.006231747616838071,,,,,,,,
2023-05-21,,,,,-0.010665021585102118,0.005588591401845908,0.02818143290391159,-0.008291608429863912,,,,,,,,
2023-05-22,0.0006733174629292172,-0.0058981080648785175,-0.00813806464374625,-0.00016368088238718367,0.00852947908232017,0.018483800877484878,0.031312320448886224,0.009657767913801121,0.0019826777328277086,-0.005898106322102309,-0.008138058641513159,0.0005593480460233716,0.0007667054268600344,-0.005904979682585584,-0.008163142659195998,-0.0001190160110312015
2023-05-23,-0.007158860298573353,-0.0033411886604482,-0.012005070145726068,-0.0066750307675723704,0.008546689643816751,0.00971357086770668,0.004597540006220499,0.00839038823846971,-0.0045412686415083345,-0.00334118375118549,-0.012005081163757992,-0.005344787135952096,-0.007027797316735608,-0.003316752822569454,-0.012110005099557541,-0.006549342865846755
2023-05-24,-0.0092430297574062,-0.006636533236231581,0.000876263622438654,-0.008868582383817089,-0.029311627575694967,-0.027432171288827356,-0.02708771772398042,-0.028836182372789416,-0.012587796060454326,-0.006636530568853897,0.0008762588315663459,-0.010461403206721348,-0.009222772361425699,-0.00651283812268959,0.0008586298008513523,-0.008834547595805138
2023-05-25,9.278741905413855e-05,-0.012639249543673181,-0.009610431262034065,-0.005737053292026288,0.0006137923240644661,0.002763220775738065,0.0002491040906553664,0.0008649080844072197,0.0001796215698891928,-0.012639243211089717,-0.009610423533592928,-0.005530087496853957,0.0002062860386573285,-0.012682337034797346,-0.009579254436546185,-0.005665000441216442
2023-05-26,0.008663674683658413,-0.0009265514355325677,-0.00403512371397073,0.005661456116388834,0.013862260516455062,-0.0014887262724579678,-0.013058198448744295,0.012039937237547545,0.009530105655791186,-0.0009265499596577846,-0.004035117986414258,0.005993533986747498,0.008646953079869171,-0.0010915889960999106,-0.004137117093589241,0.005593114346691944
2023-05-27,,,,,0.008685536718812826,0.012388899481068033,0.021400678946900273,0.00922815421350124,,,,,,,,
2023-05-28,,,,,0.027256993493929824,0.02775423163250938,0.008329386898493767,0.026328578711837546,,,,,,,,
2023-05-29,,,,,-0.006321640644553051,-0.013631445529858502,-0.014904673460205327,-0.006591270609516557,,,,,,,,
2023-05-30,-0.0018190711166541518,-0.0036239462217976105,-0.011513731174969668,-0.0027587179272082767,0.009550061586042526,0.0006393266440427937,0.005085586816328075,0.009512848952663622,7.578433379529421e-05,-0.003623944837766496,-0.01151372949914196,-0.0017728853170142396,-0.0019197101734552016,-0.003742515227107835,-0.01163064249792067,-0.0028552602696747154
2023-05-31,-0.004663092855496197,0.0055882510977909505,-0.007866271943377818,-0.0017986292803313891,-0.010968334133005764,-0.012321800076017136,-0.015490922727673393,-0.010770703194801246,-0.005713966401747791,0.005588251011296482,-0.007260649359447194,-0.0024593199801771688,-0.0046004881351709844,0.005515666996485428,-0.00810437777436764,-0.0017164829868632258
2023-06-01,0.005148317863618266,-0.0012358058328942785,0.022878682451238506,0.0029895120422798807,-0.0070050480359822205,-0.009630951852782711,0.01706443533835698,-0.007325502545894332,0.0031227568803515173,-0.0012358037374900189,0.01891009871809745,0.0018623421660039089,0.005138870761378693,-0.0015029563302754066,0.02280370277176255,0.0028300482380458018
2023-06-02,0.0195001976644241,0.012668035805160351,0.009157245310722918,0.01756217439422197,0.030470134154125517,0.07484849001980237,0.022736888213374284,0.035285424363282185,0.021328520412707674,0.012668043831396646,0.011644634030066443,0.019088917665319772,0.019605065052726772,0.012896891440970582,0.008990348440575507,0.01773774297771093
2023-06-03,,,,,-0.0032645391579624763,-0.00896018854208317,-0.0003373243712957159,-0.00392604123100033,,,,,,,,
2023-06-04,,,,,0.0019090477931811847,-0.003021976576511451,0.00029539906719821575,0.0015243468419531227,,,,,,,,
2023-06-05,-0.005896949385171216,0.001171117845444589,-0.005602935089982348,-0.004003229780109061,-0.05556741970590499,-0.04138728496677352,-0.06088483285221925,-0.053806190498870074,-0.01417536110529351,0.0011711212388757712,-0.009008980315283256,-0.008277631714845093,-0.00577657364542629,0.001279333008714147,-0.005279250246017057,-0.0038781555612649866
2023-06-06,0.004403184679716094,-0.006499343431613692,-0.008319287381621718,0.0016408369108367583,0.03446928333226702,0.0155679707800969,0.03665737104468577,0.032277601528250835,0.009414201121807915,-0.006499345595944382,-0.004680134801762925,0.004182681625481835,0.0041659088223017894,-0.0064131977900786195,-0.008945032151732668,0.0014161014671111667
2023-06-07,0.008253330916676531,0.0004014455697791274,-0.007003524369100806,0.008118856679105533,-0.033975661274086084,-0.023210871002919055,-0.02193298288836913,-0.03281600243813665,0.0012151655515494283,0.00040144269425857555,-0.007800707831345625,0.004645013557589822,0.008157923296273998,0.0005588103451052099,-0.007516186035578911,0.008049431863179036
2023-06-08,0.004105881849056212,0.006128742145051819,0.011899768859863461,0.0044402763484373275,0.007310911144695709,0.0077910057897055875,0.0007045214163174537,0.007249255930072757,0.004640053398329462,0.006128743261040938,0.011797606720967128,0.004686755086268147,0.004208365946639288,0.005994373737475594,0.012294703616481883,0.004539205399030668
2023-06-09,-0.002802731516898365,3.7204349084844234e-05,0.003276244786399363,-0.002873806766210795,-0.011508540340358876,-0.04487047506934684,0.014772693449537126,-0.015071270053438748,-0.004253699654141783,3.720801711560532e-05,0.0050091581887556896,-0.003878003159657792,-0.00278630637842699,8.528261396707153e-05,0.0033335655383720606,-0.002863226660537601
2023-06-10,,,,,-0.08270980281888682,-0.03447586127308473,-0.10482814020121084,-0.07661874762866619,,,,,,,,
2023-06-11,,,,,0.0016502033140609273,0.007586994412910894,0.01217077827104441,0.0025208680062015834,,,,,,,,
2023-06-12,0.0052286646422442075,-0.0026181275160344865,0.00034665154783877945,0.003111551497871885,0.00048789843885728174,0.007147471095104725,0.0019023020618203893,0.0012298985300560597,0.004438536941679719,-0.0026181247801666304,0.00094641350495955,0.002718393023861293,0.0051557535936356015,-0.0025973920090248226,0.00044215093096958884,0.003014233273256058
2023-06-13,0.007318719029048488,0.0064076413682124436,0.008588944866342825,0.006423448033722209,0.0022993820597000175,0.007710409929716051,-0.004751752684427767,0.002742101719024937,0.006482162867490409,0.00640764426187721,0.006611212716645645,0.006032630015823722,0.007352513628625216,0.006470980648782962,0.008863178204277873,0.006489003814349179
2023-06-14,0.00012724349296770352,0.002134546114475919,-0.002412939330639746,-0.0007171889433266904,-0.0431723460804432,-0.02009743406326331,-0.06304364410354171,-0.04106033839838393,-0.007089354769267448,0.0021345514677495836,-0.008926134150782491,-0.0044244422558304885,0.00018783366968967312,0.0021754088024760164,-0.00167384643007918,-0.0006514607577596005
2023-06-15,0.010003512200136698,0.009617582539275303,0.004538962130571867,0.010633383764441331,0.0057891036915591046,0.0011315283868072322,0.011782404945985318,0.0047162597713099556,0.009301110782040432,0.009617584279472319,0.00431867146622963,0.010155722741817065,0.010067278624862909,0.009745629962037542,0.004405294579709356,0.010682586254665623
2023-06-16,0.0005502064556709698,0.001043995513201864,0.0032051770888918293,0.0012782059307420819,0.011168012818247086,0.004781318291678483,0.009693322962910166,0.010369009022376403,0.002319840849433656,0.0010439902498737244,0.002164057160292247,0.002116852208391334,0.0006401830664210432,0.001192660695674367,0.0030467682690783694,0.0013814823983049644
2023-06-17,,,,,0.00953205851289305,0.01440441564919866,0.010317657634690475,0.010174634418529659,,,,,,,,
2023-06-18,,,,,-0.005460914609440515,-0.015313130691776504,0.008096135131937833,-0.0062895315226303514,,,,,,,,
2023-06-19,,,,,0.006550246328475962,0.004117933477310151,0.006350621285412328,0.006224050042611498,,,,,,,,
2023-06-20,-0.012622406708579165,-0.007587263800584289,-0.0020312039092033212,-0.01159998328450552,0.027151896154307277,0.023146713844956607,0.023347979229539375,0.026565779291860252,-0.005993356231431425,-0.007587261114912837,-0.002237639557904141,-0.008166133638226977,-0.012475283668900054,-0.007568177872871076,-0.0013093983412663824,-0.011479762591981805
2023-06-21,-0.0031648906733249046,-0.0013483608705064612,0.004424843431992497,-0.0017493183529397023,0.06914386829461867,0.03624124412848509,0.04412352513077318,0.06602239799902146,0.008886569154665692,-0.0013483571495174346,0.005504045593782072,0.0044121825490291925,-0.0031641377263280173,-0.0013296941213108095,0.004168963833226105,-0.0017753272023397135
2023-06-22,-0.005592422870120342,0.008054090485159517,0.00731404696208982,-0.003500567611497578,-0.0036441032838237077,-0.005129355170386934,0.0027438321157936775,-0.003666797107748765,-0.005267702939070902,0.008054092872561487,0.0057571754021558345,-0.003428510899314674,-0.005446900338786743,0.007976796870311883,0.00758885352130642,-0.003328066558064291
2023-06-23,-0.007259581439822718,-0.005258480235435248,-0.0039341336194478995,-0.007266927048965492,0.0747016117794201,0.020636033426672792,0.03917558927199973,0.06834467332445905,0.006400617430051083,-0.005258480683140113,-0.003068838743312861,-0.0005181409036671518,-0.007173267786878789,-0.00547902546231802,-0.0038435162376316253,-0.0072172573555963895
2023-06-24,,,,,0.011652634564868595,-0.008248215001734643,-0.01699978953946357,0.00974126445536528,,,,,,,,
2023-06-25,,,,,-0.010868836642279276,0.009206398307668045,-0.008207545225546273,-0.008074909064845199,,,,,,,,
2023-06-26,0.006682503230795585,0.0005045886949249609,-0.008897547134186622,0.006257782524067395,0.005978334015964882,0.003798135583623445,-0.015320997748815936,0.005944677978106669,0.006565141694990467,0.0005045859286568616,-0.009801679816674614,0.006173187176966458,0.0065284393494404545,0.00040216544663317143,-0.00948140554606601,0.00604322309121511
2023-06-27,0.007222896182025428,0.002803161051728435,0.008288408137539104,0.005042724128310871,0.02263140143154352,0.018999533313912544,0.008688287883357529,0.02317052640437895,0.009790980390278444,0.002803152105678932,0.008242648371659689,0.006443927455990448,0.00700061053228795,0.002283735472299279,0.008491019435193262,0.004743686955715397
2023-06-28,-0.0017040372863230946,-0.004060891047374245,0.002144875673993854,-0.0021729287726758337,-0.03996466241134235,-0.012419933239214156,-0.04969864956538418,-0.03644307409770467,-0.00808080814049297,-0.004060889319121887,-0.001147840843919609,-0.0052638337141944795,-0.0017214141731818177,-0.004049111580780392,0.0015292446301486391,-0.0021673612804961797
2023-06-29,0.006333876012833468,-0.0010482032494418027,0.005487926197197015,0.005687092317027613,0.029699728716752083,0.011042225582621096,0.020562767374643517,0.028142697714153543,0.010228184796819903,-0.0010482090344756693,0.006847430469698755,0.00767664754842529,0.006139121236042955,-0.0011805720397430703,0.005396250075440472,0.0054759715762641254
2023-06-30,0.008314033679412115,0.006933003016446119,0.020297883256243956,0.008458768051048934,0.09404904955033085,0.019840644424598583,0.16564255977961123,0.08318650967437205,0.0226032029912319,0.007452015369327354,0.02852822458642819,0.015575877936339862,0.008366696986637055,0.007068655304679968,0.02029126261402013,0.008526169997979338
2023-07-01,,,,,-0.0018449409424392102,0.009592079955572385,-0.03716110275601845,-0.0010129028890356357,,,,,,,,
2023-07-02,,,,,0.005238620849933817,-0.011303881097607557,0.02397875044484604,0.0043803048235399045,,,,,,,,
2023-07-03,0.005677130992006776,0.003548210116792862,-0.009049312527217208,0.005235763550782414,-0.005122109370999129,0.016756636986616943,-0.024231822159022504,-0.002464131339540777,0.003877257598172458,0.003840349319547177,-0.009956349870384113,0.004424638358136568,0.0056205394888840556,0.0035004070405063965,-0.009273778156340487,0.005176753434639711
2023-07-04,,,,,-0.01944257981250476,-0.006170475073242445,-0.04576780532842424,-0.017589906058385164,,,,,,,,
2023-07-05,-0.004240653464778885,0.002039540919424883,-0.0005643525184298099,-0.002497576831578078,-0.015160100684215774,-0.00290973285472951,-0.004702190112534871,-0.01431096743583755,-0.006060561334685032,0.002042825906229212,-0.001225775185189331,-0.003376549420299834,-0.0038146520157554954,0.002282386370505069,-0.0003911460288966954,-0.002041690611156705
2023-07-06,-0.012084138933912192,-0.00826488910717123,-0.012424512085870159,-0.011745292300069186,-0.025132335253464935,-0.005088327782359339,0.008334547221975436,-0.023438512972623508,-0.014258838320504312,-0.008035390562723298,-0.011529432220517118,-0.012829040639211302,-0.012026715519310895,-0.008193840339101102,-0.01238920673545455,-0.011677047348306458
2023-07-07,0.0006819149565187499,-0.013952111241686419,-0.00509926366195829,-0.0020543958074056155,0.01796298117539279,0.018912595972245934,0.005713415100175346,0.017752323639332428,0.003562092659664423,-0.013042587604930954,-0.004537673763059653,-0.00045861683172977903,0.00043392443758961035,-0.013978104204390752,-0.0044702021793326125,-0.0022987316393709442
2023-07-08,,,,,0.001531650931283768,0.011919517857729196,-0.018420570525158393,0.0034396305433681256,,,,,,,,
2023-07-09,,,,,-0.013726282828247383,-0.023933386478941332,-0.01874640575451726,-0.01455176282625764,,,,,,,,
2023-07-10,0.004779669698334353,0.0007958302569913104,0.012996216711250314,0.004346110847739779,0.01268697689227245,0.0027395283631884487,0.029196115808825182,0.01155308794180858,0.006097554230657369,0.000690710968512587,0.01426436016775748,0.004982160980010501,0.004675287117870996,0.0006694423224303467,0.013349117696131368,0.004236294831439936
2023-07-11,0.014211688018259465,0.008860686256886357,-0.0004636360794625542,0.012998816532657415,0.00029969873734785323,-0.000951645553488322,-0.002004481545477425,9.189697768332444e-05,0.011893023138107533,0.008260651622806528,-0.0008863678064047881,0.011620373974935648,0.013930757579705955,0.008668691200758688,-0.00015824364359882462,0.012763451444238271
2023-07-12,0.00823735096035434,-0.0025834968848873125,0.00027042176323633315,0.00663628870903559,-0.004325411937046786,0.002148236304246925,0.023005225653689784,-0.004111160053644869,0.006143557144120818,-0.002346672162939386,0.001048444382824168,0.005563904534277834,0.008222290063410976,-0.002518955000103262,0.0003014216229628628,0.006626116731235971
2023-07-13,0.005613289998631371,0.0013657200879018763,0.001617790054868085,0.004280978510595726,0.1954993284896968,0.06253574901439538,0.03155887035122129,0.1953584402597459,0.037260963080475606,0.002492206616493201,0.019173451211799097,0.02184550369414149,0.005624925225455321,0.001320141434041004,0.0016514766400411566,0.004297738510229187
2023-07-14,-0.006609687433745771,0.003399592878172726,-0.0019596760568816713,-0.005036592072566837,-0.06154752460039318,-0.028487919745142833,-0.040464848459545524,-0.059969267023839506,-0.015765993628187005,0.0026816861076771116,-0.006497109369284279,-0.009978615921234071,-0.006509686634290344,0.0036657428534453023,-0.0022870976232656813,-0.00489162113408736
2023-07-15,,,,,-0.01001040605553859,0.006879048315774603,-0.03376414348757157,-0.009121271987862153,,,,,,,,
2023-07-16,,,,,-0.0053807677283610475,-0.00865230111652321,-0.00841287884977963,-0.0044043659666126705,,,,,,,,
2023-07-17,-0.0035596088175880555,-0.005254194094278709,0.0006372657492010141,-0.0051047645695018184,-0.004097995284557188,-0.00019504915728634994,-0.025173901379999974,-0.00451937843380414,-0.003649339895416244,-0.005376178948495204,-0.0016425784419187579,-0.005255590108657249,-0.003764753717330313,-0.005363386007345531,0.000984658324159034,-0.005274427094324373
2023-07-18,0.005936202752823029,0.0007269321969819725,0.003268208357446653,0.004850094274823856,0.0006437713452430377,-0.0030432639450558197,0.008445022598268192,0.0015418217205107393,0.005054130851559698,0.0006257773404308825,0.0048352809175010465,0.004520613986216387,0.005726330639842945,0.0009097915426427101,0.0031239648695938183,0.004703336229720667
2023-07-19,0.006037952272526241,0.008006928619267705,-0.005927165052206317,0.006532180674600817,0.029475186809692955,0.01022463445722634,0.002319789217432991,0.030585141122091306,0.009944158028720694,0.008183250062091814,-0.003990021775540766,0.00885155621478447,0.006041573603597517,0.008007696266682938,-0.006139042726197057,0.006535011187061725
2023-07-20,0.0017480758015509055,0.015707585624754213,0.011487501358128904,0.00526247098224095,-0.00025280173185267,0.0041339823400307965,-0.002697373059857905,0.0005522422542203302,0.0014145962126503099,0.01556883266294482,0.010121658362599276,0.005267785646498008,0.001832718320363963,0.015951359338826233,0.01145131310061332,0.005425901942452757
2023-07-21,0.004489892359851595,0.006090841437976199,-0.00039057160541128516,0.005698710397324485,-0.0015039225025845096,-0.0012897883296973242,0.005405516740811691,-0.0024979246980181163,0.0034909232161122435,0.0060253071501290955,-0.00018999837106650297,0.0050777325226421584,0.0045899697428104175,0.0061676154541135605,-0.0007777217352937951,0.005802608993487113
2023-07-22,,,,,-0.012805089144875936,0.027895401343007133,-0.027373051171128024,-0.00870434971557779,,,,,,,,
2023-07-23,,,,,0.013126348690180534,-0.0012852284850024182,0.03647615983806229,0.011372475428561991,,,,,,,,
2023-07-24,0.005464941830862187,0.001017914077921869,-0.00403897568367631,0.004243013701318698,-0.039110888204281935,-0.02574697740350191,-0.04068300378966514,-0.038287417497535274,-0.001964363174995167,0.0003221501020248497,-0.007571197849088174,0.00021807859359603568,0.005387980017686052,0.0008714208924479752,-0.0038831225703033984,0.004091606936526113
2023-07-25,0.0034160131953540483,-0.002816051214139426,0.028201300296417365,0.0019107068572421686,0.0004515707248740953,0.003918529458298944,-0.002334068332447156,0.0009216750708128982,0.002921939450274056,-0.0027331561263220796,0.025580668588339753,0.0016596515691830226,0.003361377256683818,-0.002925725095763188,0.029736263375478862,0.0018419541263984477
2023-07-26,0.0021904630775948686,0.0033527325377162792,-0.011318768237423232,0.0020129463539996792,0.01536213004313094,0.007341257545586452,0.016022270908691145,0.015367452316340643,0.004385740905184214,0.003381529508218415,-0.009352240483618065,0.0033076578141669646,0.0021855259061428923,0.003330711780754196,-0.011739012199330524,0.002011075274603527
2023-07-27,-0.004634011643839128,-0.007163158444931138,-0.00221713939461232,-0.0051145057057165755,0.0022443134630713455,0.0012474985677079023,0.007821264473434035,0.0023159366976779404,-0.003487624126020716,-0.006801907551348667,-0.001932346462628546,-0.004396613014370373,-0.004254016246373322,-0.00631990666035037,-0.0018309175374055528,-0.004626836941902905
2023-07-28,0.004241321399844555,0.002664733888920515,0.0017158849170838602,0.0032932516838836082,0.007462819176447866,0.02441442698283186,-0.008022461337124125,0.009162006274833802,0.004778237695945107,0.0034744384099975032,0.001021521817772464,0.0037088033816543168,0.003997319775205291,0.002899275314279533,0.0012693397690214734,0.0031114215582207123
2023-07-29,,,,,0.003363640436718896,-0.0163495541227539,0.0014670197547819476,0.0011022803155198771,,,,,,,,
2023-07-30,,,,,-0.0018887354070578285,-0.029376018684670116,0.03242590552366755,-0.005383140031951508,,,,,,,,
2023-07-31,0.004314741590100032,-0.004502924264858134,0.00048404859736174194,0.002626539305872756,-0.01723273511035757,-0.017278334266912478,-0.01515497682624907,-0.01709461701554299,0.000723495473357098,-0.005183940507359627,-0.0012640178654229899,0.0007465891605939211,0.0045591301893926975,-0.004741959693899726,0.0005561921091151764,0.002802367996478776
2023-08-01,-0.0036317010240047836,-0.005447255496334816,-0.00900189249617954,-0.00481437158692552,0.008097901202082248,0.01044997316404801,0.00013291103520796273,0.008246449476791559,-0.0016767673196569446,-0.005251403227983058,-0.008153867644053738,-0.003747173084589629,-0.003654402036071875,-0.005194731080090813,-0.008817384642736117,-0.004790794218184082
2023-08-02,-0.013699281238668084,-0.008567062477455457,-0.01122072914300806,-0.011411447903877317,-0.03714694707929564,-0.02390563917274626,-0.05236527679529941,-0.035614293409344314,-0.01760722554543934,-0.009066261773104147,-0.014578000945591927,-0.013366795760256692,-0.014025065020747598,-0.01006776454129048,-0.01214962518742578,-0.011834093072122017
2023-08-03,-0.004931584621457254,-0.0069099619713492684,0.002873350777525344,-0.00543065992513737,-0.01737553628357058,0.005800017792610199,-0.026321210680342037,-0.014272616845779022,-0.007005576565142809,-0.006580762232298773,-7.570250205636434e-05,-0.006308419028874718,-0.004627439318718968,-0.007226295733036595,0.0030781846480666237,-0.005163622795592191
2023-08-04,-0.002197023217300111,-0.0056883920460524704,0.0031991187554229715,-0.002350796419631467,-0.007302872222976842,-0.004565426543739251,-0.013352430087091544,-0.006391833841740708,-0.003047998051579566,-0.0059187981107272115,0.0008262396431511906,-0.002702475487711436,-0.0022388848638311954,-0.005581724971072436,0.0035013459559615086,-0.0023728741321732373
2023-08-05,,,,,0.004349784985149952,0.005408489768405045,-0.003620031921154304,0.004565069047403135,,,,,,,,
2023-08-06,,,,,-0.005434122335717784,-0.004524461531012534,-0.013208845680648342,-0.00540692864866082,,,,,,,,
2023-08-07,0.00802041392341124,0.011956031433657142,0.013967450433772155,0.008869469620341307,0.007016310190832321,0.0007593761208368457,0.03268743512682251,0.00665124590400564,0.007853063301314755,0.0115967311636874,0.016057869907430775,0.00883260116669689,0.008110624453618537,0.011977348287024497,0.014053101117532404,0.008972836656145658
2023-08-08,-0.003440940743932581,-0.0037676382231437975,-0.006469725092034286,-0.0024320041533135465,0.014720931908673896,0.007353822777648859,0.019026608191626004,0.013694391235191967,-0.0004139619684981684,-0.003565329584046587,-0.003457924250626106,-0.0008752500719674604,-0.0034674718131088448,-0.0038999049308035007,-0.006855502312425978,-0.00243590671934562
2023-08-09,-0.0019255958226743846,0.00211060021290585,-0.012172859492476873,-0.000496088237056288,-0.002395454912777484,-0.0030529059782522868,-0.002131892818380364,-0.0023898669661156753,-0.0020039056710249,0.002140252540661574,-0.010825150538705756,-0.0005650969758371829,-0.001898519126014053,0.002126873922182436,-0.012630471068655254,-0.000428383106011095
2023-08-10,0.0009644399956669524,-0.001997516191448278,0.0038817696246370354,0.0007678726451642411,-0.010313452290058634,0.0030850331268866982,-0.020721141554071117,-0.008590803958656641,-0.0009152087186206454,-0.001740316589793196,0.0013149984880920572,-9.737762646966892e-05,0.000843517155442013,-0.0017829257831119846,0.004161167104135834,0.00070703492663853
2023-08-11,0.001675815022885709,0.006175902326370099,0.004319519227681139,0.003185458909965337,-0.0025053540918613675,-0.0012128750298138133,-0.006443746201815961,-0.002418953021417516,0.0009789535037611969,0.006032889011926293,0.003669319111472454,0.0027759315959894077,0.0017090570331873855,0.00582619920061944,0.003479957123964511,0.0031662572681431266
2023-08-12,,,,,-3.937036608947508e-06,0.002698246323586138,-0.0036313903025504083,0.00035797304357219797,,,,,,,,
2023-08-13,,,,,-0.006202337709924488,-0.004444470161096623,-0.003449628170543251,-0.006014428126880357,,,,,,,,
2023-08-14,0.0017062775996715216,-0.0004474581842095866,0.016234694797042874,0.0005209945129034954,0.001951599250878311,0.004256700363709805,0.008915355183621645,0.002276908839369992,0.00174716454153932,-0.00038167823823278093,0.014995422607196556,0.0005751106117758693,0.0019235407296611107,-0.0008167439609107887,0.016582949767341027,0.0005577383002620326
2023-08-15,-0.013225456282507148,-0.006274770703905995,-0.00846989771776824,-0.011895159047512488,-0.028483106955607816,-0.012581217996827675,-0.02249941039891408,-0.025737434525396622,-0.01576839806135726,-0.006469066101786871,-0.009978241864267252,-0.01304164289969091,-0.013226770094852208,-0.0065183014631868975,-0.008796995220078551,-0.011960478552037223
2023-08-16,-0.008186117279367163,-0.0026622970634979106,-0.003773782514932509,-0.006838968019405214,-0.03890073461971866,-0.01992767101531227,-0.0654309553731321,-0.036641395291218445,-0.013305220169425746,-0.003164529202194901,-0.009864677651356568,-0.009498430878084487,-0.0082350804880278,-0.0028135605258473957,-0.004027008220760112,-0.006914231195628503
2023-08-17,-0.004655788275770239,-0.005481067226221909,-0.013420928856771075,-0.004542893872332918,-0.08842940887497387,-0.040857846318673556,-0.1241318419775867,-0.08185079856008348,-0.018618058375637507,-0.005878689506280271,-0.025700549841435032,-0.011449229536461483,-0.004854461349339401,-0.006000717302456045,-0.013963878539532097,-0.0047847822385695135
2023-08-18,0.0017330293707238818,0.0035589798232146088,0.0047458612719913805,0.0016675438297159943,0.006166164594595425,-0.005670646661869526,0.004777230671284275,0.004281443329427165,0.002471885241369139,0.003582075901311316,0.005096031669862024,0.001939592906772365,0.001833006273127024,0.003551143473242944,0.004846185462851215,0.0017584349625916768
2023-08-19,,,,,0.01446029421699644,0.010267918512117146,0.009290423855656123,0.013370338718528801,,,,,,,,
2023-08-20,,,,,0.016883672615801638,0.017358591011524455,0.021928933521376506,0.01654073571284327,,,,,,,,
2023-08-21,-0.0005131283529655393,-0.0031010635184569486,0.012983660913235327,-0.0015218815802913656,-0.009879608817271868,-0.007576462940314365,-0.014491507422264223,-0.009408392620271412,-0.0020742084303499277,-0.0034148573018395714,0.008423664299875538,-0.002363646947546038,-0.0002818864813806462,-0.0031792512883266,0.013712203781184573,-0.001404263509459703
2023-08-22,-0.0049044034665741655,-0.005831523686080468,-0.011061191705676135,-0.004657986095145283,-0.014368192690346893,0.0014561456902693736,-0.010395042048959632,-0.012455660153991348,-0.0064817016705362865,-0.005681579587140329,-0.010447357596501748,-0.0054012241045221995,-0.004778433985537898,-0.005006353835793363,-0.01072894904233863,-0.0044101480675829705
2023-08-23,0.007321780440630265,0.010779558397401138,0.022758459535447677,0.007354340477659107,0.03150211746919023,0.024104140153845717,0.03197844382832475,0.030542566161818926,0.011351836612056925,0.011144348523381692,0.02382602449130983,0.00936520578520711,0.007369076619521973,0.009896232357572962,0.022118711048751617,0.007174999381343697
2023-08-24,-0.012228581664713429,-0.009365622654847137,-0.015775645803986212,-0.011068405915367483,-0.012132670149970026,-0.012433117034579921,-0.007594851046616252,-0.011877676271938961,-0.012212596412256192,-0.009369300591474226,-0.015194631263939912,-0.011050432371155619,-0.012355275964033293,-0.009201437535218475,-0.015658250808863093,-0.01112438069416964
2023-08-25,0.004912513294952161,0.00246985421977987,0.0026888129334172125,0.004706935196560037,-0.0010979540234162925,0.004130369340456644,6.248488297829532e-05,-0.0007823620045106152,0.003910768741890752,0.002533054411410717,0.003072155846523479,0.004254871490967476,0.004949127251089776,0.002301146585363758,0.002224747484354947,0.004708233385090228
2023-08-26,,,,,-0.00558602193954032,0.0014274351550985398,-0.007067703582454555,-0.004583374032003025,,,,,,,,
2023-08-27,,,,,0.009236659750104226,0.0017817445341690838,0.021344345961949118,0.008592265910632516,,,,,,,,
2023-08-28,0.008364884527056863,0.002995222767127325,0.0101355080778556,0.006983578160547775,-0.005905699793415332,-0.00933187533059131,-0.018981572207096627,-0.006455009962446588,0.005986453806978164,0.0026226131875108495,0.006351813514090157,0.005693868472891164,0.008430844177091891,0.0035805633518771673,0.011384953630237572,0.007165247852524707
2023-08-29,0.011982477817999241,0.005214210035144808,0.01525955578796831,0.010819037121781455,0.055070350603778455,0.02962328651816464,0.10612542797434203,0.05276729956382048,0.019163789948962447,0.005454636512995649,0.02459646666138193,0.014484053642367623,0.012097997623616253,0.005322496744850878,0.015622387011961725,0.010938930668637317
2023-08-30,0.0015849659208836808,0.0016482430097436124,-0.0017638521216314768,0.0013628629316761354,-0.022248078588893397,-0.019794695284637502,-0.028727879406689666,-0.02178303625249087,-0.002387208164079165,0.001061355479410942,-0.00500287179100049,-0.000687821067026276,0.001686386374944713,0.0015722086825893727,-0.0017170788164134845,0.0014309567618058993
2023-08-31,-0.0030555686910886835,-0.004591035294269076,-0.003160552856110215,-0.004094107758746563,-0.03801269052597048,-0.008619613431844692,-0.037271247701686216,-0.03427956312996949,-0.008881755663568981,-0.004195011086838321,-0.005445905105725296,-0.006854080462698713,-0.0029079584944763266,-0.004547042418834015,-0.002584334422384649,-0.003954652391560241
2023-09-01,0.004049068438607958,-0.00010272488348290093,-0.0011937582357160598,0.0032454819968503203,-0.012928701106311181,-0.007005115949748392,-0.033156186804059254,-0.012105065289136123,0.001219440181121436,-0.0003463941878529061,-0.0031890978591895317,0.0018077332064608896,0.004163252755441822,-0.00026998499248852314,-0.0019437378832894093,0.003318734214418955
2023-09-02,,,,,0.002151171943819353,0.008876713330586537,-0.014258826109313722,0.0030215185866827934,,,,,,,,
2023-09-03,,,,,0.006164628955449203,0.0014657272630513778,0.007997708369888697,0.005058355864948537,,,,,,,,
2023-09-04,,,,,0.0031609911132003286,0.0010864671425617179,-0.007139292780824584,0.0023494495679315234,,,,,,,,
2023-09-05,-0.008724813019335222,-0.009445786780615232,-0.012756353196540159,-0.00962705647119564,-0.001604615569630974,-0.0005482399981242116,-0.007187321254608678,-0.0012586128037908341,-0.007538113444384512,-0.009270064077387785,-0.012548916544693388,-0.009015153823590414,-0.008656006626266184,-0.00922050407978984,-0.012070991113252697,-0.009523506093135407
2023-09-06,-0.00417614715166231,-0.0025819636815301696,-0.010116765442174182,-0.004115057444895421,0.0014576500461318865,0.011606419205529904,0.0021402981654006416,0.002684831195830296,-0.003237180952029944,-0.0020050827512257106,-0.009388595236924166,-0.0035147443722245097,-0.004127685380149101,-0.0024423428465373967,-0.01034734299524377,-0.004037289700043712
2023-09-07,-0.00017340816510796176,0.005871225795690436,-0.0014729628639953928,0.0022275117904178594,0.007585107840102846,0.008226033888613505,0.00230543773887048,0.007674290486453287,0.0011196778357605052,0.005823763251353316,-0.0010138626168468478,0.002855353904381332,0.00011116346060905913,0.005589517841478507,-0.0026004937530292823,0.0024558351782241164
2023-09-08,0.002637923536046847,0.003591782069089022,0.0007108609692023305,0.003798384915419036,-0.00505856760002702,-0.003867950153835806,-0.0010019618945710108,-0.005124114389947132,0.001355175013367869,0.0035059302394720156,0.0008072680347206924,0.0030973392062801394,0.0026333102838925664,0.0033587497200055828,-5.914893918784213e-05,0.0037532554300539517
2023-09-09,,,,,0.0036530195165871745,5.75408842187135e-05,-0.0006401761413024729,0.0029309026494313767,,,,,,,,
2023-09-10,,,,,-0.01358203824648161,-0.0075445654183103695,-0.012574997556895041,-0.013029646265694946,,,,,,,,
2023-09-11,0.002865687446399157,0.003922738028629322,0.006264904147425547,0.003262504104734676,-0.033173901462008853,-0.016009368642136812,-0.03880133965150659,-0.030892311429622725,-0.0031409107050021797,0.0036584202132454494,0.0030209837130263776,0.0001885907229312404,0.0027906551737599495,0.004033117673540305,0.0067909409593263125,0.003230405048520978
2023-09-12,0.00230824385120429,-0.0020725704886579693,0.0029052450977714115,0.0019766888897210133,0.02023627737002509,0.0367190469539802,0.05826040200172704,0.023384901718670723,0.005296249437674423,-0.0010200549980480687,0.005770533752030604,0.0038970265969697575,0.002266897345059341,-0.002165066344919724,0.0027459556363356643,0.0019368670729350479
2023-09-13,-0.0009672270966173916,0.0004256981522843956,-0.006605547576168569,-0.0003581549590549095,0.010910137712222902,0.008634127628573752,0.005767863457013464,0.010784389281651206,0.001012333704855991,0.0005545364931405942,-0.005797826509503622,0.0006347261078470665,-0.0008165681916254005,0.0008663875727553875,-0.0061096199739916115,-0.0001410444248680535
2023-09-14,0.012360870706178877,0.008777686160321735,0.012055455359997427,0.01238290419206264,0.015075647116377934,0.024126107990979067,0.030506325720404615,0.01652885781156887,0.012813333441212051,0.0096492333508597,0.012961743217209443,0.012857912277373875,0.01228285989662362,0.008736606381289709,0.012031919440926754,0.012339265787466497
2023-09-15,-0.010489077213557506,-0.008766119774337165,-0.010413018963099173,-0.009256128912007333,0.017594204754288658,0.003594316327939956,0.03723688898593898,0.01574656881734804,-0.005808530218916477,-0.008489841278237775,-0.007246621966568692,-0.006941974683778559,-0.010788857177171192,-0.008952265699591469,-0.010913276959793244,-0.009513461029278527
2023-09-16,,,,,-0.0038962074747921236,-0.004536093732451195,-0.006952114275375595,-0.0040031998216313,,,,,,,,
2023-09-17,,,,,-0.01639326751851299,-0.00152824829984399,-0.021041008621978965,-0.014363146116033535,,,,,,,,
2023-09-18,-0.00024995003851792564,0.0010615046766130748,0.005170532212364696,3.33625770937367e-05,0.01968908084512331,0.008089493825473925,0.030923370143731733,0.01815446335103464,0.00307322177542228,0.0012174577579653844,0.0066902748945788905,0.0016983729974694045,-0.00020217627606619718,0.0011340446379849063,0.005280891561535003,9.067762656998594e-05
2023-09-19,-0.0042135020148569065,0.00030892465469652613,-0.004924801977939386,-0.0032486517344331054,0.011995626949226115,0.01025006560852274,0.01237987770065866,0.011608800235079875,-0.0015119805208430705,0.0004384515864119601,-0.003503336764976378,-0.0019055793559295837,-0.004191026028704189,0.0003863357851061671,-0.0050158964173669844,-0.0032305745542862024
2023-09-20,-0.005264643861468341,0.001781760551612405,-0.010805579685377343,-0.003280040353192229,-0.010665434056974475,-0.0016383799529022221,-0.006290587209105058,-0.009960490127671228,-0.006164775560719364,0.0019409504661193555,-0.009935135680507653,-0.003742570182786252,-0.005328425019031518,0.0018131603809646087,-0.01165102863964944,-0.0033141037394255634
2023-09-21,-0.018588068789013295,-0.01405767659993612,-0.014618145170259982,-0.017054527231757686,-0.01980039929133833,-0.018359598146212245,-0.03006242961858884,-0.01954187817567485,-0.018790123872734134,-0.013850761784176413,-0.015479497422878385,-0.017152811277511552,-0.018727315712079837,-0.014411070277127378,-0.015355442280586188,-0.01719253505405543
2023-09-22,-0.0033341264056424035,-0.001455788986376453,-0.004854107583204494,-0.003279431543642779,0.0012225372952483827,0.002490260123079091,0.0007620498732990029,0.0012649358038015176,-0.002574682455493939,-0.0013982109350664095,-0.004391312454807872,-0.0028922353363878836,-0.003314634408900455,-0.0015050652746565042,-0.0047371597574651855,-0.0032681272872035066
2023-09-23,,,,,0.0025781426251764274,0.0020182683750433776,-0.0017741720844757396,0.002674308290743072,,,,,,,,
2023-09-24,,,,,-0.013020335411775552,-0.004509233081680072,-0.0145437861120714,-0.011885689500720859,,,,,,,,
2023-09-25,0.002086940375641444,-0.0017991905733224915,0.0032954816281365617,0.0013771150682327347,0.00871039004850741,0.008225973646318805,0.019894273972823423,0.00873789923422956,0.003190848654452438,-0.0013346837778661544,0.004017689666071927,0.0020460350323206625,0.0020358398524206456,-0.001766034934258085,0.003927636152864953,0.0013870135962374768
2023-09-26,-0.012038678588931193,-0.006339882985126613,-0.009763206660258006,-0.011181541753682753,-0.003099137163124954,-0.0007987161089317034,0.00980589673411703,-0.002459088395843599,-0.010548755017963485,-0.006040468597523016,-0.008718996190503318,-0.010376510577448313,-0.01204102021544154,-0.006503718576790972,-0.01009336926147825,-0.011198938745148731
2023-09-27,-0.0014106684457594154,-0.00668067894699137,0.0011656616324688242,-0.0029591168194391332,0.009322785106952891,0.007670941779712538,0.043678830986032514,0.009391232097878812,0.00037824047969263534,-0.006349118957453981,0.0028614891740647986,-0.0018874649165313135,-0.0013966266964516067,-0.006492088169965248,0.0022498932227454456,-0.0029250862620035937
2023-09-28,0.004051206390830819,0.002127349222653476,0.009645511636773784,0.0027811617234405725,0.02507332442056951,0.01891463379119643,0.036683017020929215,0.024629701335207234,0.0075548927291206,0.0022025306994209104,0.011122104573087706,0.004550882172641445,0.004049539354566917,0.0018530373052271525,0.010092820237334649,0.002716144758990141
2023-09-29,-0.001064597661618716,-0.0042181414501274534,-0.012240892164012387,-0.0023980738665146874,0.005434094670924462,0.01646230625902173,-0.002999433484143224,0.006668627973903921,1.8517727138480354e-05,-0.0033432642586310895,-0.01240595489034318,-0.0017163621500831166,-0.0012439235122765418,-0.003988055006529074,-0.012106506932983235,-0.002514993573833755
2023-09-30,,,,,0.004049637744505442,-0.00203462098938749,-0.0046430879442786645,0.003432595052529494,,,,,,,,
2023-10-01,,,,,0.02950824562609182,0.02536435359880898,0.023632705807828853,0.029380830806140876,,,,,,,,
2023-10-02,-0.014277794548844161,-0.006843614475696615,-0.004713216923594452,-0.014385005283203673,-0.02263630601154587,-0.023129832428285767,-0.008173567971816302,-0.022954546162434097,-0.015670879792627778,-0.0072404710502496205,-0.0036827850872676194,-0.015233845233034842,-0.014241410570438612,-0.006883422542760705,-0.003917883975947014,-0.01434040648379463
2023-10-03,-0.008623840049693498,-0.008239903472268885,-0.011778415319163167,-0.00804376657583638,0.00018829581268208287,0.019949810873101003,-0.007621895041412394,0.0017941708439872333,-0.0071551507392975675,-0.007027168602326924,-0.014770775529700282,-0.007061336563538824,-0.008614671308793304,-0.008190388455293936,-0.011846940274772065,-0.008020883934123549
2023-10-04,0.0014587619619191331,0.005706741857342669,0.005442940332451705,0.001967905293170168,-0.006274930158273262,-0.005949893238936614,-0.005428363518568832,-0.00630676235791811,0.00016981327522040042,0.004945617850022634,0.006238547550750266,0.0011842206456645194,0.0013895591437895097,0.005709503141404679,0.004913508301316925,0.0018946909575740002
2023-10-05,-0.0018481504494788205,-0.013165225369357535,0.003458372149337362,-0.0024042858679530336,-0.011059632702356848,-0.010549097967353368,-0.008478350041156766,-0.011009892919780436,-0.003383397491625158,-0.013289184073295391,0.002755707216725331,-0.003266943860964838,-0.0019511835135474563,-0.014074602436322001,0.0036746483477575658,-0.002568251811275301
2023-10-06,0.010572819190709796,0.005150326029130085,0.017592857487404214,0.009464559986175874,0.009812111022711312,0.0017305772039000959,-0.007053137298178381,0.00881212976025151,0.010446034496043382,0.004442992586022227,0.016593461080639967,0.00926141791294032,0.010230478706959128,0.005129939464773398,0.017358168383445317,0.009149234600351441
2023-10-07,,,,,-0.004232898693495946,0.006000180463042061,0.004352053556301989,-0.0029087416382347427,,,,,,,,
2023-10-08,,,,,-0.004816313761426894,-0.0011979705145545782,-0.004860231217627531,-0.004276904556908643,,,,,,,,
2023-10-09,0.00876392630362377,0.003507426571271592,-0.0002913090434852268,0.008791860953716157,-0.03092759364739514,-0.017245876265229644,-0.030039928140302166,-0.02937585397487287,0.0021486729784539545,0.0026707311586024354,-0.002365042066015593,0.005396350688505837,0.008736276980589484,0.0031121239334855376,0.0002298399331235235,0.008723807508863283
2023-10-10,0.008282561086268073,0.010634035136993847,0.005767858203446098,0.008063734653874102,-0.0074236072208691,-0.0024826010852710746,-0.011238740682560902,-0.006671829679663321,0.005664866368411877,0.010555178594687187,0.0040777245910161115,0.006684209677884867,0.00817459287603343,0.01078389367343821,0.005696490468143611,0.007985446261735515
2023-10-11,0.003365157629009226,0.0016304925398974903,0.01551486155373834,0.003526410183012351,-0.008962957009541505,-0.009735160037370483,0.001464622096711246,-0.00863012405875717,0.0013104718559174367,0.001217924863834848,0.01585310107402765,0.002539665671244954,0.0035263731400095285,0.0013185231391900382,0.015357027555848717,0.0035995529166477688
2023-10-12,-0.008311144835865696,-0.005021728578959824,-0.007177460405260289,-0.00799747218730682,-0.008336279694453464,-0.009565008957317385,-0.007745469802749669,-0.008589555739843975,-0.008315333978963658,-0.005265890168582974,-0.006683232053257553,-0.008062421334157967,-0.008468750818203521,-0.005420471616255042,-0.0067718083114587145,-0.008098893366926782
2023-10-13,0.0011147766253742544,0.00246317009331702,-0.01203056735730904,0.002345799733539211,0.00703169466928315,0.005828172489977252,0.010709808324024676,0.007019240411302177,0.0021009296326924033,0.0025228118270793115,-0.01063893081641404,0.0028344252850058213,0.0013838304534245054,0.0024737945676528384,-0.011951146150831,0.0025514514688624074
2023-10-14,,,,,0.0015492963973016472,-0.002836023595827166,-0.008010440541980607,0.0007897864131856433,,,,,,,,
2023-10-15,,,,,0.006085723990029368,0.015670767824379726,0.011902530948633592,0.0072202784697367895,,,,,,,,
2023-10-16,0.01005749232970492,0.006227064841903515,0.003321589255011296,0.009308209611666063,0.029826719180017006,0.03614306363167387,0.04726869973528745,0.030767761228589333,0.013352363471423599,0.006716998983771012,0.0070799792604225985,0.011172066426362643,0.009977913111097633,0.006306645091594258,0.003650628803354906,0.009243954847052266
2023-10-17,0.002793269700487219,0.0053514963728828165,-0.003656447853787779,0.00287937195678596,-0.018865643579989568,-0.003808235908210243,-0.010878108703986217,-0.017023691337483667,-0.0008165491795922446,0.0052000689248673905,-0.004600553156912408,0.0010582748284101062,0.0025948030102151244,0.005678145158063221,-0.004419793015746757,0.002827621462765536
2023-10-18,-0.014298523672335571,-0.006743853306989359,-0.021292957979664028,-0.012865392429981623,-0.006922478049449166,0.002878369370801438,0.004838211019072957,-0.005635674408881906,-0.013069182735187833,-0.006287083180624669,-0.019594598733696563,-0.012131817675080111,-0.014538817691424111,-0.006596280761318963,-0.021361712244088803,-0.013035330531694677
2023-10-19,-0.009313396223776079,-0.004443235114960212,-0.008179650388883304,-0.009115115815343255,0.017096205176686596,0.010759990129083527,0.0054228471951366765,0.015081735926722083,-0.004911795990365634,-0.003888082891168734,-0.007561768657522087,-0.006920688968321336,-0.009346347218778164,-0.0040886381372397355,-0.008200929345331039,-0.009097359544648157
2023-10-20,-0.008972743882415861,0.00042940464808663913,-0.005158263070801749,-0.007070420117431413,0.02151512776330269,0.019380880700897773,0.029932387114863214,0.021767398984594705,-0.003891431941462769,0.0006303133480803071,-0.0021552905451899425,-0.004443262085652456,-0.00879561005607312,0.0005650896415572519,-0.005385716462140136,-0.006921823448662548
2023-10-21,,,,,0.018699108965846388,0.008676885095952927,0.010630654095846709,0.01745473669758625,,,,,,,,
2023-10-22,,,,,0.00468562831336562,-0.006531093708049256,-0.007757973258382881,0.003548985938887884,,,,,,,,
2023-10-23,-0.00659698441956091,-0.004148488506055198,0.008448260617089143,-0.006550411157050509,0.057254370553528625,0.05585294934580201,0.042032011196644195,0.05687552377370503,0.004044908075954013,-0.0035783158256126285,0.011196728224564268,-0.0009808093358385569,-0.006632389715075723,-0.004308446344610494,0.00902615837840598,-0.0066042844197372295
2023-10-24,0.010865236461424664,0.016093909715823994,0.030637262425871104,0.011036179600883995,-5.517032091718671e-05,0.011252348170712342,-0.014126656493747764,0.0010664276155268658,0.009045168664367689,0.015779519668094575,0.027484263183507242,0.010164032484276888,0.010889434117581509,0.01643848591072907,0.028916311920942996,0.011079939568041323
2023-10-25,-0.012071946699170874,-0.0010470517398580325,-0.017873615009923967,-0.009650394764985455,0.003641279162773314,0.014631627167067979,0.011169820904035907,0.005138598448037086,-0.009453075722180175,-0.000631199477808328,-0.016571206342264985,-0.008107220017262296,-0.011876257769296808,-0.0007220084299960074,-0.01799821410686253,-0.009467844934262979
2023-10-26,-0.0020912306436232254,-0.00270492020276317,-0.013997405459129147,-0.0013919279623532778,-0.0004957256077606444,-0.008257868160977464,-0.01519996233391276,-0.00119904319468783,-0.0018253131376461283,-0.0026348213315056396,-0.01482029766528592,-0.001292084971210836,-0.002163348919418297,-0.002811768948792267,-0.014012643741215969,-0.001507787905224806
2023-10-27,-0.010091752733279386,-0.01643552989318986,-0.017980883847379683,-0.012506429902824589,-0.01083655687974755,0.0017543472540677515,-0.009187028890511477,-0.009067089568696864,-0.010215886757690746,-0.016456893587672567,-0.01891282140966777,-0.01250155991568903,-0.010341050050259348,-0.01625677371403535,-0.01737873180994239,-0.01269136320769043
2023-10-28,,,,,0.012065201809833436,0.00657071499558092,0.014213011344517773,0.011521459218903974,,,,,,,,
2023-10-29,,,,,0.012478492769189997,0.008950608183583125,0.005725379232710553,0.011681511987784969,,,,,,,,
2023-10-30,0.010000411649502996,0.00654920197408495,0.01881260446173943,0.009218616879799312,0.012115615043815276,0.003968202713451166,0.0039719048209199675,0.010501163379234334,0.01035294554855504,0.007219095159959564,0.01780905342409544,0.00936245571781235,0.00997245171327402,0.006532370266893298,0.018309333966354795,0.009207060346024844
2023-10-31,0.005876567388702727,0.0069980914263309746,-0.007513435019336952,0.005214707939252291,0.009585151462079566,0.011757190117872327,0.006065870225871909,0.009085114826212248,0.006494664734265533,0.0070139268308698965,-0.007634520928666274,0.005419300047666265,0.005683920735102223,0.007021887523292627,-0.0076524193975215805,0.005032030703167369
2023-11-01,0.004883111660390648,0.004214845225574576,0.003587435635890449,0.004709221833064574,0.020423321832506593,0.027945163695323554,0.019500880109890394,0.021534069950609098,0.007473146689076639,0.004378968665447301,0.003156309842003044,0.006008091513309588,0.00494366992385094,0.004415259170595957,0.002881420209704177,0.004759001147026595
2023-11-02,0.025794960167503007,0.014661694413653371,0.009696231083161904,0.02308583162664704,-0.010673215464948316,-0.011369436962256455,-0.019530188951822,-0.010805250642601778,0.019716930895427785,0.014525376788545435,0.005862071088173296,0.02029388796071417,0.02574117189054287,0.014688848840593335,0.009501887978260605,0.023093991018932118
2023-11-03,0.012794021607402126,0.0014154867993495608,0.01365378034051967,0.010536568345962538,0.005687092970192598,-0.0143792737153973,-0.006517211543932654,0.003320259768447023,0.011609533501200536,0.0013028225292853065,0.013928189348728843,0.009870297512394368,0.01287157112656287,0.0013454869878499526,0.013463482975707161,0.010614986459999552
2023-11-04,,,,,0.00926673148983166,0.006879296256456719,0.008484973103829502,0.009074527761471685,,,,,,,,
2023-11-05,,,,,0.022180669055755532,0.002355415944150997,-0.0012267379307579894,0.01910609599432834,,,,,,,,
2023-11-06,-0.004456576056500964,0.00027497994757406447,0.018931527333745663,-0.0036745294062276706,0.029873216562228896,-0.0031941475833644744,0.0035943812180891897,0.02468235840210571,0.0012650560466206792,0.00025997186956457796,0.019891243880654143,-0.001266958379544464,-0.004638301459850352,0.00019637091371567373,0.01922910975882899,-0.003848424882380166
2023-11-07,-0.0037390629774691317,0.0015505082585196702,0.0013619220518113692,-0.003527696603660076,-0.015245608939161114,-0.0018878273901554148,0.0018551052945734172,-0.013051747009980543,-0.005656820637751129,0.001493794004537762,0.001542530711926413,-0.004347114661096952,-0.0038129331872305723,0.0016478257072299763,0.001349374478384768,-0.0035658424431994915
2023-11-08,-0.0011798844009914004,-0.0010671033250327288,0.012237936608124559,-0.001388682759594165,0.009123363828995878,0.013233845613278597,0.010416666712825118,0.009679775859695794,0.0005373236373398131,-0.0009929724451904964,0.01251932652373754,-0.0006124305473466879,-0.0010673081651454827,-0.001146610829723315,0.012458556413046155,-0.001309120201836829
2023-11-09,-0.008903880726641446,-0.010315559313606448,-0.004077269338050677,-0.010121371127738232,0.018942521337077956,0.014558907509904503,0.0056646321721593295,0.02089148799103048,-0.004262813716021547,-0.010265448062182249,-0.005562879869371779,-0.008070044695548832,-0.008839320781717484,-0.010328894617571588,-0.004105144536745206,-0.010073648877561571
2023-11-10,0.010646732594233557,0.004727212398716665,0.01773430594303783,0.008992034069559335,0.01611912776409111,0.051450669901661375,0.032338115642738474,0.020553923508423725,0.011558798455876486,0.005013053020235448,0.016957075225186764,0.00980453869739498,0.0106039022110501,0.004838115559057849,0.01793217073610069,0.009001254383269186
2023-11-11,,,,,0.00038478683348709415,0.008071636275302257,-2.2954926443301395e-05,0.0011471277868379014,,,,,,,,
2023-11-12,,,,,-0.0006957615929076177,0.0014648564606223778,0.0005567217367863303,-0.00036219736239171476,,,,,,,,
2023-11-13,-0.0011335907036108964,0.003170410799846821,0.0048625341591465735,-0.0006652951590363735,-0.015109750322123416,-0.012917879003483613,-0.011689820911437322,-0.015071081017139444,-0.0034629506400296493,0.0031047827306811427,0.0035743777921355213,-0.0018968323036187183,-0.0009945048557303943,0.0031802296119871985,0.004729135694535952,-0.000539843281090072
2023-11-14,0.02459404341561296,0.007355041960145336,0.012554407803445937,0.02107779220896805,-0.03211101876751308,-0.03794194924207235,-0.029312282466365767,-0.03234107923891636,0.015143199718425284,0.007084115116549897,0.010882091716173907,0.016762880866390866,0.024945622076472166,0.007476094449715621,0.012683728974184067,0.021418026951161327
2023-11-15,0.005349194798091736,0.0032573771772324983,-0.007246381833559153,0.004390785821834754,0.04185776999454001,0.03695228423239494,0.03835802516901491,0.04136266854481509,0.011433957330833112,0.003317187942590272,-0.004676538134447737,0.0073187785107443224,0.005352224183036462,0.0034341781882478535,-0.007180415790945793,0.004427882318373971
2023-11-16,0.000763167978912289,-0.014665099101745441,0.005420428677797469,-0.0005274294773015766,-0.0333948653714404,-0.027979460683833068,-0.027185501020534335,-0.032540503069334314,-0.0049298375794798255,-0.014646429217426263,0.0057198354520447605,-0.0031368159896549993,0.0006512658994657771,-0.015390244479610595,0.005768631575520492,-0.000684362431027128
2023-11-17,0.0031683198127045098,7.751365391368164e-06,0.0026794677713267807,0.002481442770199926,-0.001351106118128609,0.01237857600150466,0.002991409576906394,0.00019524304218950994,0.0024150821575656565,5.6229129766071776e-05,0.001036422409211127,0.0022547209943139424,0.0031143003909884204,-5.8385945844554904e-05,0.0029284909523203235,0.002433592644140086
2023-11-18,,,,,0.0010200089476241625,-0.004005812086322007,-0.004549246721298607,0.0004965621620875082,,,,,,,,
2023-11-19,,,,,0.01752721150821428,0.011572371004611769,0.01345339859283203,0.016758890376671075,,,,,,,,
2023-11-20,0.004432305553655234,0.004192666639342108,0.006950608861840956,0.004040619471372774,-0.012497110479452678,-0.012900227585849359,-0.012010284842862547,-0.012256217772872679,0.0016107362148039155,0.004068477560946039,0.004896996647991206,0.002655362068851321,0.004516057366090552,0.004103202814368539,0.006637806373079052,0.004099430886022887
2023-11-21,-0.0023448833096139056,0.0033036818638532226,-0.003043264481745698,-0.0012465494195775006,-0.05277398882146188,-0.04668923852283257,-0.04489759208261596,-0.05199262155763551,-0.010749734228255231,0.003073888749014825,-0.006558759604930789,-0.005276217765677341,-0.0021957550869799993,0.0033463822358359803,-0.002930845516455973,-0.001124372716107925
2023-11-22,0.0017220553186484743,-0.0011545201506290286,-0.008635577477392182,0.0014067562074950057,0.04727342608349422,0.049212652358316296,0.0438356374211454,0.04785045139849688,0.009313950446122763,-0.0009192852029267693,-0.0050563580804053885,0.0050882071791695195,0.0016791961986386314,-0.001261480584583634,-0.008364945501229484,0.001360496092176391
2023-11-23,,,,,0.003197785503091077,0.0035341140214289898,0.0030324248950960807,0.0031789294140888375,,,,,,,,
2023-11-24,0.002442867504645432,0.004577113526890272,-0.0016162384420822888,0.002606304503762893,0.010683066717420787,0.020164669820292098,0.014815439559942115,0.011936868247873942,0.003816234040107991,0.0046661044464284904,-0.001315717316863685,0.0033536102512787456,0.0024341480883570263,0.004679890632440613,-0.0013660919135419242,0.002607382802679507
2023-11-25,,,,,0.014944736662485992,0.0243644198501197,0.015644719393718486,0.016110858350310123,,,,,,,,
2023-11-26,,,,,-0.010789537345764112,-0.008640175898940835,-0.006918833531761598,-0.010488363095177552,,,,,,,,
2023-11-27,0.0005314905739881359,0.000565175629137476,0.0023870930337120525,0.00025779346288642914,-0.024229064196371886,-0.03456903035288078,-0.02522957644696001,-0.02556268667224264,-0.003595268554405201,0.00032416095657144953,0.000885253869115539,-0.0018046454682674835,0.0006149910117264234,0.000661286506818671,0.002324926329119694,0.000345433196555701
2023-11-28,0.002042655700020208,-0.0006393052695704612,-0.006882043495976808,0.0014744319011188703,0.01087535974875631,0.011721812577922517,0.009024157102644231,0.010836429420584721,0.0035147730414762253,-0.0005972107432609768,-0.006595713254129422,0.002203813021136189,0.0021704855017854845,-0.0004780366340740509,-0.006869859707312758,0.00163562208888869
2023-11-29,0.004678034968830294,-0.0018152873692195417,0.0006918343786253568,0.003659906521980003,-0.00156338881621233,0.0032203409855976134,0.0017560485201543392,-0.0011268075078137512,0.0036377976713231897,-0.001781990601591196,0.0007797755618606047,0.0032368435457879596,0.00461902028617173,-0.0020443724460259645,0.0005318060332699426,0.0035965101677041442
2023-11-30,0.006384512229031318,0.008435775220606775,0.005627678993258272,0.007324924246678783,-0.003735138334125721,-0.0019498681578664064,-0.002782793259496546,-0.0031011165413391117,0.004697903801838477,0.00847469243677656,0.003964386394867024,0.006472050829444846,0.006437526793588275,0.00865565181420825,0.005152910726706635,0.007422990046176029
2023-12-01,0.009225927380084266,0.00360000717703965,0.0021239547215478227,0.008582257405929973,0.01645782673107902,0.01101754219874396,0.016932230772396414,0.015706190074094975,0.01043124393858339,0.00385047794668125,0.005681988734390036,0.009311082400292724,0.00921635229480531,0.0037158584841931446,0.0021642054644111677,0.008578116715219165
2023-12-02,,,,,0.01966302971088343,0.010647913430246075,0.01442626655559488,0.019045931896914402,,,,,,,,
2023-12-03,,,,,0.004459218640063989,0.0056461617472769714,0.008445565133176855,0.004674291029024434,,,,,,,,
2023-12-04,-0.0018134092183667125,0.0014347626380590292,-0.013385142792227415,-0.0008728304689710275,0.02434106799439686,0.027847560468950854,0.03706672657648572,0.025026955165471394,0.0025456703170938827,0.002307835589784233,-0.0016831385430458234,0.001637051871539329,-0.0016642642374114667,0.0014991734605120772,-0.013472503168679173,-0.0007710858935613642
2023-12-05,-0.005261485729965479,0.003004501008189499,-0.0016583342695799315,-0.0037839005770020336,0.018389489538105593,0.0234589130916821,0.03388742642415272,0.019073486217997766,-0.001319656518620301,0.0035082890191054537,0.004533143453814284,-0.001727753653037704,-0.0051471469266456005,0.0028378042548699006,-0.0013043664800679953,-0.003726837191286041
2023-12-06,-0.0007160063436409096,-0.0028264157934395776,-0.007348186235859307,-4.642502603439708e-05,0.001323715687506553,0.0018124689521176627,-0.001991130611888057,3.6773097287132704e-06,-0.00037605267178299846,-0.0024995960822829437,-0.008823986749193928,5.508497067730877e-05,-0.0006435873006997433,-0.0027315198388329007,-0.007384805674360049,2.824609865240363e-05
2023-12-07,0.004900293951280299,0.00039217130812647466,0.0056751621340038775,0.0031359183747570935,0.02423427798230167,-0.007492891381097002,-0.008755024068173297,0.02203952905449269,0.008122624623117193,0.00011120137355993546,0.004939953512576625,0.004712991295649965,0.005108341884214936,0.0006216748046820185,0.0058262356839392905,0.0033316472510683454
2023-12-08,0.00322869369613636,-0.002063957415533622,0.01021362540396408,0.002333115883665319,0.04694566876400497,0.02195602529384318,0.021355424202754728,0.04292878497870744,0.010514856207447796,-0.0013599529552351798,0.012332198276461509,0.0059759460777452115,0.0032336885957332225,-0.0020638027402650858,0.010248142447563021,0.0023435884938333264
2023-12-09,,,,,0.006388985528143444,-0.005087352397773337,-0.00701093853738968,0.005351594227568899,,,,,,,,
2023-12-10,,,,,0.0019439946326410106,0.006093515558911277,0.004088285879120125,0.0025657419546407105,,,,,,,,
2023-12-11,0.006783475745804727,0.006453861413845904,-0.0016243802963597286,0.006678562448161695,-0.06588507928304639,-0.04748972641386356,-0.051808454079022924,-0.06334590690768571,-0.0053279500923371255,0.0051469378010387005,-0.011338591445293353,0.0003525560889462813,0.006742272484542485,0.006488762837741455,-0.0019256792164849103,0.006625947318172156
2023-12-12,0.0007978025859253553,0.003877387140241822,0.014965634277987722,0.0011485696746973764,0.006350064513168773,0.0015862182329923966,0.003014153162712662,0.005547862014711293,0.0017231795737992588,0.003942700081609856,0.013059975993952942,0.0014998913806335546,0.0009382718682643676,0.003971711635169711,0.014949263433266193,0.0012591027647862617
2023-12-13,0.020902411458579087,0.01487594821225361,0.0014612110789955241,0.02010620384027093,0.03016846894188363,0.02035119303871241,0.026017358110108402,0.029002442647727555,0.022446754372463178,0.014883914548644548,0.004381378878520753,0.020974429256070973,0.02094986035868592,0.014922762101015823,0.0017990356920125645,0.020158393996896333
2023-12-14,0.01449340725484245,-0.003115328951154049,-0.004627312888898847,0.010398701113213085,0.0058804058603049054,0.0098613015917432,0.007115631195994332,0.006788606421663585,0.013057907022419529,-0.0027859689099553916,-0.0031713795107244872,0.010000833601843161,0.01446556050951959,-0.0028734991271201727,-0.004711372672296653,0.010415585814339066
2023-12-15,-0.003011783157942525,-0.004272237427010694,0.009447409717975376,-0.003971507610968852,-0.04007389396266611,-0.03380561815280954,-0.030509520180516385,-0.03984700163907123,-0.009188801625396455,-0.005052444735942285,0.004322918912985473,-0.007321433884008243,-0.002959766137964375,-0.004359598978512289,0.009281486624419773,-0.003934038838928108
2023-12-16,,,,,0.01889895317922652,0.009586848334639393,0.00875278710831335,0.01779300949141787,,,,,,,,
2023-12-17,,,,,-0.01908536977025386,-0.013342895312627442,-0.016289605275010426,-0.018132521182747035,,,,,,,,
2023-12-18,-0.0013770380177555875,0.0037404472984346785,0.00878797531664391,-0.0004622026355840566,0.0026682168001951447,0.008881077260089684,0.017439404129059873,0.0031666648139123924,-0.0007028288814304657,0.0037613087178362,0.011924022757575859,-0.00013242524183108622,-0.0014016747016511373,0.00356011989687405,0.009050569939670414,-0.0005018413368088942
2023-12-19,0.008156436334441006,0.003891422510870893,0.009360247778367829,0.007167975412570516,-0.013889862746785242,-0.00582977338445291,-0.006798758278966154,-0.013084780235837047,0.004482053154236631,0.0035861701509714424,0.006579619082922773,0.0052908079184811425,0.008082566229761808,0.0038379319936341985,0.008981409961392546,0.0071113862809071065
2023-12-20,-0.01475297813585756,-0.013122982859022548,-0.02131797480572695,-0.01411079553549064,0.01919465039816033,0.02668468656225841,0.02908027946094158,0.019692447779491383,-0.00909504004685458,-0.012122456575292831,-0.013723911608967061,-0.01104555571878019,-0.014852246675680627,-0.013244110518457254,-0.021430989970191047,-0.01420905794596469
2023-12-21,0.008160532810200164,0.007658360407424613,0.021452720312155348,0.0076267633517854705,0.028038946398433566,0.012271122802854164,0.009374677338534495,0.026546720725127468,0.011473601741572397,0.007700307267671025,0.019742668976699716,0.009214339131573766,0.008210384292211687,0.0076411318063347045,0.02119070120605958,0.007661064634085185
2023-12-22,0.0019599641329174915,0.006493899824429316,-0.0002206311023849244,0.003209272927693239,0.017659209009807143,0.0038774832389522804,0.0034985663525023314,0.016872419682133658,0.004576504945732433,0.00637812676227671,0.000849698169491698,0.004508588738255721,0.001845282082693842,0.006465013877931899,-0.0002850785944845696,0.003124343495248836
2023-12-23,,,,,-0.009033084431587101,0.005063754053800402,0.0005998306853583968,-0.007346098956100444,,,,,,,,
2023-12-24,,,,,-0.017737058550317875,-0.009984429351935036,-0.012600433319840162,-0.017032328812163267,,,,,,,,
2023-12-25,,,,,0.03047235648036244,0.004581186204782126,0.008399775602849446,0.02631053461712445,,,,,,,,
2023-12-26,0.006506457589898613,0.003220855824974884,0.007987495553280663,0.005324878465376431,-0.022479580266228292,-0.02602188325052156,-0.025657441343457012,-0.022295035966059803,0.0016754512805441288,0.0024846092712829206,0.0030820745204410303,0.0028116508163556235,0.006576862431587984,0.0033236795050808248,0.007851659580947929,0.005379564267020628
2023-12-27,0.0014553578874705298,0.0036773232357175003,0.003427022179671023,0.0018169523909667999,0.05254635573080771,0.022460720798473357,0.022762212996178234,0.05033427430912295,0.009970524194693391,0.004067320081628879,0.012716614016101557,0.006252983091057276,0.0014883851527573114,0.00364708136148901,0.00336900824775649,0.0018320948066792653
2023-12-28,0.0012242203691481567,0.001979034842351218,0.0013092642184124152,0.0016353236422892877,-0.00840828058475297,-0.008273663186849375,-0.01240926544564174,-0.008722297833744808,-0.000381196456502031,0.0017444343942557576,-0.001428472234045419,0.0007269589263852244,0.0013299957447455901,0.002004333707052453,0.0013967714801578874,0.0017060637310147872
2023-12-29,-0.0030351187391592354,0.00022389829272862665,-0.0019381521751062028,-0.002153806627090256,-0.018570001800694725,-0.005712237986627484,-0.008462122191240089,-0.01711434296894701,-0.005624265916081816,-3.3875694950757446e-05,-0.00471266864687106,-0.0035333576430387967,-0.0030402572876314657,0.00022043126047604334,-0.0019381521751062037,-0.0021583596894577976
2023-12-30,,,,,0.00732226086147536,0.0020656977315618844,0.0021749615250224764,0.006565829655925894,,,,,,,,
2023-12-31,,,,,-0.011748167139113263,0.00899058860420047,0.0007743476751678551,-0.008839522893431477,,,,,,,,
